customer_id,city,plan,tenure_months,monthly_charge,discount,expected_revenue,actual_revenue,revenue_gap,data_usage_gb,call_minutes,complaints,network_issues,late_payment,status
CUST100833,Indore,Basic,2,366,0,366,26.08,339.92,50.5,713,1,1,0,Active
CUST102459,Bhopal,Standard,55,604,50,554,214.71,339.29,18.4,438,0,2,1,Active
CUST100129,Jaipur,Standard,26,547,0,547,211.89,335.11,30.2,195,0,0,0,Active
CUST102104,Lucknow,Standard,26,608,0,608,275.9,332.1,18.7,708,1,2,1,Active
CUST101357,Indore,Basic,15,341,0,341,10.89,330.11,12.5,567,3,0,0,Active
CUST101338,Lucknow,Standard,41,698,0,698,369.56,328.44,46.2,631,0,1,0,Active
CUST100853,Indore,Premium,37,886,0,886,563.3,322.7,70.3,379,2,0,0,Active
CUST100279,Bhopal,Basic,16,321,0,321,2.36,318.64,17.9,457,1,1,0,Active
CUST102086,Jaipur,Standard,56,728,75,653,342.74,310.26,35.8,374,2,0,0,Active
CUST100784,Mumbai,Basic,48,362,0,362,51.9,310.1,38.7,683,1,0,0,Churned
CUST102376,Lucknow,Premium,59,892,100,792,483.85,308.15,32.3,490,1,1,0,Active
CUST101455,Bhopal,Standard,15,518,75,443,138.69,304.31,73,453,2,1,0,Churned
CUST102479,Indore,Standard,7,545,50,495,191.86,303.14,40.8,373,0,0,0,Active
CUST100692,Ahmedabad,Basic,13,334,0,334,31.54,302.46,40.1,393,0,1,0,Churned
CUST100904,Mumbai,Standard,51,586,50,536,237.68,298.32,43,597,0,0,0,Active
CUST101600,Delhi,Basic,14,338,0,338,47.37,290.63,3.1,435,1,1,1,Active
CUST100000,Bhopal,Basic,52,300,0,300,10.13,289.87,30.8,271,0,2,0,Active
CUST102279,Jaipur,Standard,60,575,100,475,187.95,287.05,1,342,1,1,0,Active
CUST101313,Lucknow,Standard,56,588,50,538,254.43,283.57,4.7,440,0,2,0,Active
CUST100482,Delhi,Standard,33,526,0,526,244.56,281.44,16.1,380,0,2,0,Active
CUST100377,Jaipur,Basic,30,371,25,346,66.4,279.6,60.4,539,0,3,0,Active
CUST101398,Bhopal,Standard,45,518,0,518,241.41,276.59,46.5,360,1,0,0,Active
CUST101642,Mumbai,Standard,6,612,0,612,336.08,275.92,43.7,731,1,2,0,Churned
CUST100871,Indore,Basic,49,366,0,366,91.43,274.57,51.4,552,0,0,0,Active
CUST100115,Pune,Standard,38,523,0,523,255.42,267.58,24.4,330,1,1,0,Active
CUST100616,Indore,Premium,8,849,0,849,584.07,264.93,74.5,504,2,1,0,Active
CUST100581,Lucknow,Premium,27,945,25,920,656.04,263.96,43,320,0,0,0,Active
CUST102272,Delhi,Basic,50,377,25,352,89,263,20.3,606,1,1,0,Active
CUST100891,Jaipur,Standard,32,633,75,558,295.62,262.38,39.9,198,0,1,0,Active
CUST101554,Mumbai,Basic,59,418,0,418,155.69,262.31,47,486,0,1,0,Active
CUST100070,Lucknow,Standard,42,600,0,600,337.83,262.17,12.1,324,1,2,0,Active
CUST100128,Pune,Standard,44,543,0,543,283.78,259.22,8.5,496,2,1,0,Active
CUST101752,Jaipur,Basic,17,333,75,258,0,258,31.7,103,1,1,0,Active
CUST101685,Pune,Standard,44,552,50,502,244.37,257.63,35.4,384,1,1,0,Churned
CUST100228,Pune,Standard,14,517,50,467,212.55,254.45,10.8,557,0,4,1,Churned
CUST100477,Bhopal,Premium,60,672,0,672,420.02,251.98,68,689,3,1,0,Active
CUST100397,Indore,Standard,53,778,25,753,501.31,251.69,24.3,42,0,1,0,Active
CUST101223,Jaipur,Standard,33,560,0,560,310.37,249.63,44.9,451,0,1,0,Active
CUST102394,Mumbai,Basic,29,370,0,370,122.61,247.39,15.7,297,0,2,0,Active
CUST100368,Bhopal,Premium,37,891,75,816,570.34,245.66,56.9,563,1,1,0,Churned
CUST100398,Delhi,Premium,52,825,25,800,554.79,245.21,55,486,2,1,0,Active
CUST100926,Pune,Basic,16,332,50,282,42.45,239.55,39.2,583,0,1,0,Active
CUST100813,Delhi,Basic,55,337,100,237,0,237,34.8,312,1,3,1,Active
CUST100590,Lucknow,Basic,32,391,50,341,104.82,236.18,6.1,381,1,1,1,Active
CUST101205,Ahmedabad,Standard,40,591,0,591,355.65,235.35,1,551,0,1,0,Active
CUST102239,Ahmedabad,Standard,39,502,50,452,219.63,232.37,15.2,329,1,1,1,Churned
CUST101261,Ahmedabad,Basic,32,424,0,424,191.66,232.34,22.7,377,1,2,0,Active
CUST100290,Lucknow,Premium,57,865,0,865,633.35,231.65,50.5,737,0,0,1,Churned
CUST100167,Indore,Standard,29,620,0,620,388.71,231.29,20.2,329,1,2,1,Churned
CUST100311,Jaipur,Standard,41,616,0,616,385.66,230.34,35.4,211,1,0,0,Active
CUST102335,Pune,Premium,41,820,50,770,541.87,228.13,79.3,442,0,2,0,Active
CUST101343,Pune,Basic,11,350,75,275,47.87,227.13,57.7,489,0,0,0,Active
CUST101509,Jaipur,Standard,8,722,50,672,445.32,226.68,50.7,44,0,0,0,Churned
CUST100524,Delhi,Standard,12,563,0,563,338.24,224.76,3.1,193,1,2,0,Churned
CUST101575,Delhi,Standard,52,635,50,585,361.79,223.21,46.6,360,0,2,0,Active
CUST102030,Pune,Standard,41,492,0,492,269.29,222.71,33.9,529,0,0,0,Active
CUST101502,Indore,Premium,41,949,50,899,678.25,220.75,65.4,408,2,2,0,Active
CUST100812,Jaipur,Standard,25,718,25,693,476.82,216.18,56.1,462,1,1,0,Active
CUST100986,Pune,Basic,28,275,0,275,64.1,210.9,36.7,685,0,0,1,Active
CUST101057,Lucknow,Standard,18,651,0,651,441.77,209.23,39.8,628,2,1,1,Churned
CUST101236,Bhopal,Standard,27,576,25,551,342.75,208.25,49.7,483,1,3,0,Churned
CUST100361,Ahmedabad,Standard,32,557,100,457,248.98,208.02,6.8,622,1,2,0,Active
CUST100464,Bhopal,Basic,4,258,50,208,0,208,5.9,424,0,2,0,Active
CUST102200,Delhi,Standard,3,692,25,667,460.14,206.86,27.4,294,1,0,0,Churned
CUST102359,Indore,Basic,18,432,0,432,228.93,203.07,30.9,327,2,1,0,Active
CUST100040,Indore,Standard,40,511,0,511,309.94,201.06,38.2,632,0,4,1,Churned
CUST101742,Mumbai,Basic,39,300,75,225,24.72,200.28,45.3,642,1,1,0,Active
CUST102263,Pune,Premium,36,800,50,750,552.81,197.19,32.9,208,1,3,0,Active
CUST101896,Pune,Standard,15,676,75,601,406.35,194.65,44.5,578,0,2,1,Active
CUST101656,Lucknow,Premium,51,1087,75,1012,818.12,193.88,23.4,213,0,3,0,Active
CUST101508,Lucknow,Standard,1,561,50,511,317.36,193.64,1,524,0,0,0,Active
CUST100838,Bhopal,Standard,39,522,50,472,278.37,193.63,27.6,624,1,2,0,Churned
CUST100349,Indore,Basic,13,366,100,266,78.3,187.7,34.7,697,0,1,0,Active
CUST101578,Bhopal,Premium,7,1040,0,1040,856.21,183.79,39.5,442,1,0,0,Churned
CUST102112,Ahmedabad,Standard,5,598,0,598,414.33,183.67,64.9,632,2,0,0,Active
CUST100357,Ahmedabad,Basic,9,309,50,259,77.44,181.56,70.1,697,0,0,0,Active
CUST102023,Pune,Standard,31,562,75,487,307.84,179.16,13.2,752,2,1,0,Active
CUST100235,Jaipur,Basic,16,423,0,423,245.12,177.88,51,536,1,1,0,Active
CUST101414,Pune,Standard,41,624,0,624,448.31,175.69,48.1,344,0,2,0,Active
CUST101880,Mumbai,Standard,1,549,0,549,376.48,172.52,20.2,533,1,0,0,Active
CUST100522,Indore,Standard,60,658,50,608,436.71,171.29,27.1,256,0,3,0,Active
CUST100045,Ahmedabad,Basic,41,285,0,285,123.97,161.03,38.2,733,1,1,0,Active
CUST101193,Jaipur,Standard,46,461,50,411,251.07,159.93,1,617,0,0,0,Active
CUST100273,Ahmedabad,Standard,60,598,0,598,438.83,159.17,29.8,518,1,0,0,Active
CUST101436,Mumbai,Basic,60,437,0,437,283.92,153.08,18.4,486,1,0,0,Active
CUST102047,Pune,Standard,27,546,100,446,302.71,143.29,9.6,464,0,2,0,Active
CUST101562,Indore,Standard,39,594,50,544,405.04,138.96,48.9,448,1,1,0,Active
CUST101808,Bhopal,Basic,40,300,0,300,164.77,135.23,23.7,754,1,0,0,Active
CUST100114,Pune,Standard,48,470,0,470,337.34,132.66,39.7,545,2,0,0,Churned
CUST102002,Mumbai,Basic,15,339,75,264,132.91,131.09,14.6,467,2,0,0,Churned
CUST100881,Lucknow,Standard,5,490,50,440,313.8,126.2,14.6,619,0,1,0,Active
CUST102011,Mumbai,Standard,33,577,75,502,380.27,121.73,28.9,571,1,4,0,Active
CUST102083,Jaipur,Basic,2,339,0,339,224.06,114.94,5.8,622,0,1,0,Active
CUST100980,Pune,Basic,39,408,100,308,193.2,114.8,30.6,521,3,0,0,Churned
CUST100151,Delhi,Basic,33,401,0,401,286.43,114.57,60.3,106,2,2,0,Churned
CUST101741,Jaipur,Premium,13,907,50,857,745.68,111.32,31.2,380,2,0,0,Active
CUST100341,Delhi,Basic,14,391,50,341,231.46,109.54,1.2,158,1,1,0,Active
CUST101395,Pune,Premium,30,887,0,887,781.68,105.32,43.7,583,0,3,0,Active
CUST102417,Delhi,Basic,22,339,75,264,160.57,103.43,1,464,0,0,0,Active
CUST101372,Mumbai,Basic,49,381,100,281,177.99,103.01,33.3,329,1,1,1,Active
CUST101717,Mumbai,Basic,7,338,100,238,138.28,99.72,3.6,463,0,1,1,Active
CUST101076,Jaipur,Basic,35,355,0,355,255.47,99.53,31.6,240,0,2,0,Active
CUST100396,Bhopal,Basic,53,266,50,216,118.07,97.93,48,605,0,2,0,Active
CUST102424,Delhi,Standard,4,468,0,468,373.24,94.76,43.7,305,0,1,0,Active
CUST100855,Lucknow,Standard,60,588,25,563,468.76,94.24,44.9,560,0,2,0,Active
CUST101557,Lucknow,Standard,15,484,0,484,390.34,93.66,51.1,400,0,1,0,Active
CUST101977,Delhi,Basic,8,304,0,304,210.46,93.54,42.2,388,1,2,0,Active
CUST100940,Jaipur,Basic,29,364,0,364,273.3,90.7,29,130,1,3,0,Churned
CUST101816,Indore,Basic,60,300,25,275,185.14,89.86,49.8,776,0,0,0,Active
CUST102156,Mumbai,Standard,51,712,0,712,623.92,88.08,22.9,264,2,2,0,Churned
CUST101302,Jaipur,Standard,47,648,0,648,563.94,84.06,48.3,401,1,0,1,Active
CUST102410,Pune,Basic,57,396,50,346,266.85,79.15,63.6,213,0,1,0,Active
CUST101551,Lucknow,Standard,34,661,25,636,557.23,78.77,43.9,220,0,1,0,Active
CUST100428,Bhopal,Premium,56,856,0,856,778.59,77.41,78.9,233,0,2,0,Active
CUST100742,Jaipur,Basic,33,358,0,358,281.41,76.59,42.4,210,0,1,0,Active
CUST100344,Ahmedabad,Premium,11,894,25,869,794.19,74.81,67.4,192,0,1,0,Active
CUST102068,Delhi,Basic,24,383,0,383,309.55,73.45,69.1,492,0,1,0,Active
CUST102374,Jaipur,Standard,53,644,50,594,523.46,70.54,25.7,521,0,1,0,Active
CUST101342,Bhopal,Standard,39,759,50,709,646.63,62.37,38.9,347,2,2,0,Churned
CUST101679,Pune,Standard,54,591,50,541,480.79,60.21,33.1,267,1,2,0,Active
CUST101524,Pune,Standard,52,639,50,589,529.93,59.07,4.5,440,2,3,0,Active
CUST100249,Bhopal,Standard,60,586,100,486,429.79,56.21,50.4,486,1,1,0,Active
CUST100380,Bhopal,Standard,22,463,100,363,309.65,53.35,35.8,392,1,3,0,Active
CUST100350,Pune,Premium,19,925,25,900,847.99,52.01,44.5,447,0,4,0,Active
CUST100550,Lucknow,Standard,16,721,25,696,681,15,46.1,660,0,0,0,Active
CUST102276,Indore,Basic,51,387,50,337,322.03,14.97,32.9,313,1,1,0,Active
CUST100277,Lucknow,Standard,56,521,0,521,506.04,14.96,47.2,461,0,2,0,Active
CUST100542,Indore,Basic,59,295,50,245,230.05,14.95,1,261,2,1,0,Active
CUST100712,Jaipur,Standard,58,881,0,881,866.05,14.95,71.3,425,1,1,0,Active
CUST102257,Jaipur,Premium,24,910,100,810,795.05,14.95,37.6,104,0,2,0,Active
CUST101400,Lucknow,Premium,8,1033,100,933,918.06,14.94,88.9,433,1,0,0,Active
CUST101518,Mumbai,Premium,8,850,100,750,735.06,14.94,52.2,532,0,4,0,Churned
CUST101522,Indore,Premium,47,1007,50,957,942.06,14.94,77.5,180,2,0,0,Churned
CUST101701,Indore,Standard,38,547,75,472,457.06,14.94,53.4,298,1,2,0,Active
CUST101815,Bhopal,Standard,7,469,50,419,404.07,14.93,47.2,215,0,1,0,Active
CUST101662,Indore,Standard,40,685,0,685,670.09,14.91,8.5,617,0,2,0,Active
CUST100829,Bhopal,Basic,39,357,50,307,292.12,14.88,5.8,611,2,2,0,Active
CUST101298,Pune,Basic,51,351,0,351,336.12,14.88,22.2,586,2,1,1,Active
CUST100135,Delhi,Basic,17,365,50,315,300.13,14.87,31.3,670,0,0,0,Active
CUST101664,Pune,Standard,57,563,100,463,448.13,14.87,20.5,425,0,1,0,Active
CUST101791,Ahmedabad,Premium,60,876,0,876,861.13,14.87,80.8,232,0,1,0,Active
CUST101139,Pune,Basic,24,397,0,397,382.15,14.85,50.4,343,0,2,0,Active
CUST102317,Mumbai,Standard,41,568,50,518,503.16,14.84,58,693,0,1,0,Active
CUST101686,Mumbai,Basic,3,376,0,376,361.17,14.83,56.4,387,0,4,0,Churned
CUST101774,Lucknow,Basic,4,300,0,300,285.2,14.8,1,460,1,3,0,Active
CUST100504,Delhi,Basic,57,366,50,316,301.21,14.79,35.9,411,1,1,0,Active
CUST101850,Bhopal,Premium,41,1050,50,1000,985.21,14.79,47.1,605,0,0,0,Active
CUST100084,Jaipur,Premium,1,1006,25,981,966.22,14.78,103.3,284,1,1,0,Active
CUST101887,Mumbai,Basic,52,433,0,433,418.22,14.78,12.3,271,0,2,0,Active
CUST100520,Delhi,Standard,18,742,0,742,727.23,14.77,31.7,102,1,2,0,Churned
CUST101280,Jaipur,Standard,33,647,50,597,582.24,14.76,12.3,487,1,3,0,Active
CUST100042,Jaipur,Standard,23,589,0,589,574.25,14.75,42.9,382,0,0,0,Active
CUST101024,Lucknow,Premium,27,899,0,899,884.25,14.75,51,523,0,1,0,Active
CUST100375,Bhopal,Standard,39,621,50,571,556.26,14.74,18.2,426,1,0,0,Active
CUST101254,Jaipur,Basic,44,283,0,283,268.28,14.72,18.4,187,0,1,0,Active
CUST100385,Bhopal,Basic,12,305,100,205,190.3,14.7,25.6,497,3,1,0,Active
CUST100755,Mumbai,Premium,29,901,50,851,836.3,14.7,74.7,361,1,1,0,Active
CUST101638,Indore,Basic,56,309,0,309,294.3,14.7,33,335,2,0,0,Active
CUST101876,Indore,Standard,26,511,75,436,421.31,14.69,9.3,245,1,0,0,Active
CUST100071,Indore,Standard,56,435,100,335,320.32,14.68,19.3,530,3,0,0,Active
CUST101725,Lucknow,Premium,41,837,25,812,797.33,14.67,37.4,308,1,1,0,Active
CUST100011,Ahmedabad,Basic,21,374,0,374,359.34,14.66,1.9,828,1,0,0,Active
CUST102399,Jaipur,Premium,42,1030,0,1030,1015.34,14.66,64.3,598,0,0,0,Active
CUST100566,Indore,Standard,13,498,100,398,383.35,14.65,1,309,1,0,0,Active
CUST102476,Pune,Premium,13,918,100,818,803.36,14.64,59.2,606,2,2,0,Churned
CUST100976,Bhopal,Standard,28,432,50,382,367.37,14.63,17.7,464,0,1,0,Active
CUST101506,Ahmedabad,Premium,48,805,0,805,790.38,14.62,74.7,165,1,0,0,Active
CUST101739,Indore,Standard,31,594,0,594,579.39,14.61,24.5,666,1,2,0,Active
CUST100859,Lucknow,Basic,54,269,25,244,229.4,14.6,63.1,303,1,1,0,Active
CUST102467,Jaipur,Premium,10,915,0,915,900.4,14.6,43.7,284,1,1,0,Churned
CUST100697,Pune,Premium,42,1027,0,1027,1012.41,14.59,36.1,160,2,0,0,Active
CUST101370,Ahmedabad,Premium,1,818,50,768,753.41,14.59,79.7,576,0,0,0,Churned
CUST100048,Jaipur,Standard,29,576,0,576,561.43,14.57,41,370,1,0,1,Active
CUST101239,Bhopal,Standard,26,603,0,603,588.44,14.56,26.7,389,0,3,0,Active
CUST101622,Ahmedabad,Basic,60,414,75,339,324.45,14.55,54.3,645,1,1,0,Active
CUST100752,Bhopal,Premium,3,753,50,703,688.47,14.53,66.1,230,1,2,0,Active
CUST102439,Bhopal,Basic,38,307,50,257,242.47,14.53,55.5,357,1,1,1,Active
CUST101184,Mumbai,Standard,41,614,0,614,599.48,14.52,33.6,442,0,2,0,Active
CUST102009,Jaipur,Basic,56,347,0,347,332.51,14.49,10,480,1,2,0,Active
CUST101504,Pune,Premium,47,944,50,894,879.54,14.46,29.3,478,2,0,0,Active
CUST102045,Ahmedabad,Premium,1,882,25,857,842.54,14.46,42.7,420,0,0,0,Active
CUST102481,Lucknow,Premium,1,917,100,817,802.54,14.46,51.6,209,1,1,0,Active
CUST101064,Lucknow,Basic,8,224,25,199,184.55,14.45,55.7,630,1,1,0,Active
CUST101203,Lucknow,Standard,5,530,0,530,515.56,14.44,15.1,630,1,1,0,Active
CUST101995,Bhopal,Standard,38,660,50,610,595.56,14.44,43.3,427,1,0,0,Active
CUST102254,Delhi,Standard,35,599,25,574,559.56,14.44,42.8,326,0,1,0,Active
CUST101734,Lucknow,Basic,29,352,0,352,337.59,14.41,24.5,55,0,3,0,Active
CUST100016,Pune,Basic,1,345,25,320,305.6,14.4,18.8,652,1,0,1,Active
CUST100316,Jaipur,Basic,32,391,25,366,351.6,14.4,37.3,423,0,4,1,Active
CUST100488,Lucknow,Standard,1,544,0,544,529.62,14.38,42.3,512,1,1,0,Churned
CUST101992,Delhi,Premium,32,861,50,811,796.62,14.38,93,559,3,2,0,Active
CUST100472,Mumbai,Standard,27,686,0,686,671.63,14.37,53.6,397,1,1,0,Active
CUST101521,Jaipur,Standard,36,747,50,697,682.65,14.35,58.6,549,2,0,0,Active
CUST100819,Ahmedabad,Standard,13,527,50,477,462.68,14.32,45.6,448,2,1,0,Active
CUST101648,Ahmedabad,Standard,27,548,25,523,508.69,14.31,48.7,631,2,2,0,Active
CUST101796,Ahmedabad,Standard,46,615,0,615,600.69,14.31,35.6,276,0,2,1,Churned
CUST101900,Pune,Basic,29,419,0,419,404.69,14.31,20.7,442,1,1,1,Active
CUST100094,Ahmedabad,Premium,30,685,0,685,670.7,14.3,68.9,500,0,3,0,Active
CUST100551,Mumbai,Standard,57,561,100,461,446.72,14.28,11.6,328,0,1,0,Churned
CUST100519,Pune,Premium,37,906,25,881,866.73,14.27,51.6,361,0,1,0,Churned
CUST102202,Bhopal,Basic,23,396,0,396,381.73,14.27,46.7,595,2,1,0,Active
CUST100178,Ahmedabad,Standard,27,706,0,706,691.76,14.24,36.9,528,3,0,0,Active
CUST100597,Lucknow,Standard,23,720,0,720,705.77,14.23,41.6,151,2,1,0,Churned
CUST100848,Lucknow,Basic,43,325,0,325,310.77,14.23,53.1,352,0,1,0,Active
CUST102390,Mumbai,Basic,34,370,25,345,330.77,14.23,43.8,387,1,4,1,Active
CUST101643,Pune,Standard,53,748,25,723,708.78,14.22,40.4,524,2,1,0,Active
CUST100336,Ahmedabad,Basic,24,317,25,292,277.8,14.2,19.5,810,1,1,0,Active
CUST100621,Mumbai,Standard,59,622,50,572,557.8,14.2,49.3,589,1,2,1,Active
CUST102034,Ahmedabad,Basic,6,445,0,445,430.8,14.2,37.4,422,1,1,1,Active
CUST102268,Bhopal,Standard,43,666,0,666,651.8,14.2,27.2,565,1,1,0,Active
CUST101934,Indore,Basic,26,301,0,301,286.82,14.18,31.5,495,1,1,0,Active
CUST100798,Delhi,Basic,5,366,50,316,301.83,14.17,41.5,567,2,1,0,Active
CUST101731,Ahmedabad,Basic,18,237,75,162,147.83,14.17,61.4,379,0,1,0,Active
CUST101658,Lucknow,Premium,36,790,100,690,675.84,14.16,64.7,269,0,1,0,Active
CUST101364,Pune,Basic,49,404,0,404,389.85,14.15,32.8,242,2,1,0,Churned
CUST101454,Pune,Standard,54,699,50,649,634.86,14.14,33.1,932,1,2,0,Churned
CUST102127,Jaipur,Premium,57,754,25,729,714.86,14.14,63.4,480,0,2,0,Active
CUST101574,Indore,Premium,26,799,0,799,784.87,14.13,42.5,385,2,1,0,Active
CUST102209,Indore,Standard,6,603,0,603,588.87,14.13,31.6,311,0,1,0,Churned
CUST101300,Lucknow,Standard,41,614,75,539,524.89,14.11,32,527,2,2,0,Active
CUST101978,Bhopal,Standard,18,512,100,412,397.89,14.11,53.1,648,1,1,1,Active
CUST101690,Lucknow,Premium,8,975,75,900,885.9,14.1,14.1,342,1,1,0,Active
CUST100588,Lucknow,Standard,46,643,25,618,603.91,14.09,44.8,393,1,0,0,Active
CUST101380,Ahmedabad,Basic,28,305,0,305,290.91,14.09,46,520,0,2,0,Active
CUST100694,Bhopal,Premium,9,913,0,913,898.92,14.08,78.1,349,1,1,0,Active
CUST100783,Bhopal,Standard,32,518,0,518,503.95,14.05,31.1,519,2,2,0,Active
CUST101804,Indore,Standard,28,709,50,659,644.95,14.05,41.2,493,2,1,0,Active
CUST100761,Pune,Basic,44,330,0,330,315.96,14.04,12.2,321,3,2,0,Active
CUST101289,Pune,Standard,22,570,50,520,505.96,14.04,64.3,352,0,1,0,Active
CUST101329,Delhi,Premium,16,975,25,950,935.96,14.04,74.1,556,0,2,0,Active
CUST101637,Pune,Premium,34,810,0,810,795.96,14.04,70,462,1,0,0,Churned
CUST101179,Bhopal,Standard,49,590,25,565,550.97,14.03,1,360,0,1,0,Active
CUST101069,Bhopal,Premium,54,705,0,705,691,14,59.6,595,1,0,0,Active
CUST101028,Pune,Premium,56,906,0,906,892.02,13.98,61.8,401,1,1,0,Active
CUST101750,Ahmedabad,Premium,39,712,25,687,673.02,13.98,45.9,367,1,3,0,Active
CUST101957,Pune,Basic,37,365,0,365,351.02,13.98,40.2,649,3,1,0,Churned
CUST102037,Bhopal,Standard,13,585,50,535,521.02,13.98,37.6,175,1,3,0,Active
CUST100478,Jaipur,Basic,29,346,0,346,332.04,13.96,27,332,0,0,0,Active
CUST101442,Ahmedabad,Premium,56,775,25,750,736.04,13.96,89.6,462,0,0,0,Active
CUST100044,Bhopal,Basic,25,290,0,290,276.05,13.95,23,610,1,0,1,Active
CUST100818,Jaipur,Basic,14,331,50,281,267.05,13.95,21.3,434,0,3,0,Churned
CUST101339,Mumbai,Basic,31,390,50,340,326.06,13.94,47.2,408,0,1,0,Active
CUST102278,Delhi,Premium,39,826,0,826,812.08,13.92,50.3,592,0,0,0,Active
CUST101790,Pune,Basic,35,308,50,258,244.09,13.91,16.2,482,1,2,1,Active
CUST101012,Indore,Standard,51,547,100,447,433.1,13.9,44.3,361,0,1,0,Active
CUST100315,Jaipur,Standard,53,656,0,656,642.12,13.88,24.6,456,1,2,0,Active
CUST100885,Jaipur,Standard,34,601,0,601,587.16,13.84,31.3,276,2,0,0,Active
CUST101651,Bhopal,Premium,12,937,0,937,923.16,13.84,68.9,548,0,1,0,Active
CUST100145,Lucknow,Basic,33,330,100,230,216.18,13.82,30.1,525,0,0,0,Active
CUST100823,Jaipur,Premium,17,797,25,772,758.18,13.82,48.1,366,1,1,1,Active
CUST101232,Ahmedabad,Basic,24,339,100,239,225.18,13.82,1,471,1,2,1,Churned
CUST100887,Indore,Standard,51,693,50,643,629.2,13.8,9.9,396,2,2,0,Active
CUST101789,Lucknow,Standard,17,678,50,628,614.2,13.8,57.2,262,0,2,0,Active
CUST102012,Indore,Basic,29,332,0,332,318.21,13.79,24.3,327,0,1,0,Active
CUST101142,Ahmedabad,Basic,55,272,0,272,258.22,13.78,58.4,331,1,0,0,Active
CUST101756,Delhi,Standard,29,587,25,562,548.24,13.76,35.3,341,0,1,0,Active
CUST100690,Ahmedabad,Basic,13,358,0,358,344.26,13.74,51.5,241,0,0,0,Active
CUST100529,Ahmedabad,Standard,34,520,25,495,481.27,13.73,22.3,308,0,2,0,Active
CUST100714,Ahmedabad,Standard,4,606,0,606,592.27,13.73,41.6,231,0,2,0,Active
CUST100631,Delhi,Standard,48,627,25,602,588.28,13.72,38.6,367,0,1,0,Active
CUST101825,Ahmedabad,Premium,28,951,0,951,937.28,13.72,28.5,256,1,0,0,Active
CUST100595,Lucknow,Standard,16,710,50,660,646.3,13.7,7.3,158,0,3,0,Active
CUST100562,Mumbai,Standard,11,636,50,586,572.32,13.68,30.2,258,0,1,0,Active
CUST101818,Indore,Standard,28,714,50,664,650.32,13.68,42.2,431,0,2,0,Active
CUST101769,Indore,Basic,39,306,0,306,292.34,13.66,1,482,0,2,0,Active
CUST101962,Indore,Standard,25,610,0,610,596.34,13.66,26.2,578,0,1,0,Active
CUST100166,Delhi,Standard,34,710,25,685,671.35,13.65,29.6,595,0,0,1,Active
CUST101070,Jaipur,Basic,57,493,100,393,379.37,13.63,35.3,563,1,0,0,Active
CUST102478,Bhopal,Standard,16,631,25,606,592.38,13.62,53.1,322,1,0,1,Active
CUST101194,Pune,Standard,28,528,0,528,514.39,13.61,9.2,632,2,0,0,Active
CUST100938,Mumbai,Basic,16,337,0,337,323.4,13.6,33.3,435,1,2,0,Active
CUST100820,Bhopal,Premium,40,1083,0,1083,1069.43,13.57,37.7,490,0,1,0,Active
CUST101271,Bhopal,Standard,55,592,25,567,553.43,13.57,59.8,251,1,2,1,Active
CUST100981,Jaipur,Standard,47,541,25,516,502.44,13.56,75,230,0,2,0,Active
CUST102080,Lucknow,Premium,28,915,100,815,801.46,13.54,57.3,717,0,1,0,Active
CUST100922,Mumbai,Standard,15,557,75,482,468.47,13.53,21.7,123,1,1,0,Active
CUST100494,Delhi,Standard,51,560,75,485,471.48,13.52,39.9,345,1,0,0,Active
CUST101721,Jaipur,Standard,52,701,0,701,687.49,13.51,15.1,513,1,1,0,Active
CUST101688,Ahmedabad,Basic,25,304,0,304,290.5,13.5,28.4,380,1,2,0,Active
CUST101204,Jaipur,Standard,42,515,0,515,501.51,13.49,39.4,310,1,2,0,Active
CUST102133,Mumbai,Standard,15,713,50,663,649.51,13.49,24.6,581,1,0,0,Active
CUST102067,Ahmedabad,Basic,36,437,0,437,423.52,13.48,20,378,0,2,0,Active
CUST102113,Ahmedabad,Standard,25,471,75,396,382.52,13.48,40.7,573,3,1,0,Churned
CUST100634,Indore,Basic,45,321,50,271,257.53,13.47,43.5,611,0,1,0,Active
CUST100202,Mumbai,Premium,31,877,0,877,863.56,13.44,75.7,69,0,3,0,Active
CUST100816,Bhopal,Standard,41,555,25,530,516.56,13.44,12.9,307,0,0,0,Active
CUST101919,Pune,Standard,21,535,0,535,521.57,13.43,32.6,279,1,1,0,Active
CUST100261,Indore,Basic,44,341,0,341,327.59,13.41,30.3,244,0,0,0,Active
CUST102223,Mumbai,Basic,54,375,0,375,361.59,13.41,53.4,419,1,1,1,Active
CUST100925,Ahmedabad,Standard,27,501,0,501,487.6,13.4,16.5,255,1,1,0,Active
CUST101027,Delhi,Basic,50,351,0,351,337.6,13.4,23.2,657,0,2,1,Active
CUST101738,Bhopal,Basic,39,348,50,298,284.6,13.4,33.3,348,0,1,0,Active
CUST100754,Pune,Basic,49,391,25,366,352.62,13.38,36.5,721,0,0,0,Active
CUST101089,Indore,Basic,49,354,0,354,340.62,13.38,31.8,250,0,3,1,Active
CUST100222,Jaipur,Basic,49,421,0,421,407.65,13.35,9.1,734,2,1,0,Active
CUST100655,Pune,Standard,35,658,100,558,544.65,13.35,39.9,382,1,2,0,Active
CUST101718,Mumbai,Standard,7,674,0,674,660.68,13.32,58.5,700,1,1,0,Active
CUST100994,Pune,Basic,19,350,100,250,236.69,13.31,44.7,583,3,3,1,Active
CUST102201,Bhopal,Standard,13,526,50,476,462.69,13.31,28.5,190,2,0,0,Active
CUST100067,Delhi,Basic,14,411,50,361,347.72,13.28,21.5,271,0,1,0,Active
CUST100963,Indore,Standard,2,513,50,463,449.72,13.28,41.9,543,0,1,0,Active
CUST100708,Mumbai,Premium,19,797,0,797,783.73,13.27,69.6,598,0,0,0,Active
CUST102310,Delhi,Standard,60,682,0,682,668.75,13.25,60.5,472,0,1,0,Active
CUST101374,Ahmedabad,Standard,24,550,50,500,486.78,13.22,57.5,455,0,0,0,Active
CUST101439,Ahmedabad,Standard,15,587,50,537,523.79,13.21,42.3,415,2,0,0,Active
CUST101875,Bhopal,Basic,28,346,50,296,282.8,13.2,39.1,592,1,0,0,Active
CUST102266,Jaipur,Standard,22,520,0,520,506.82,13.18,41.1,787,0,0,0,Active
CUST102298,Indore,Basic,43,344,0,344,330.83,13.17,37.5,505,1,1,1,Active
CUST101303,Ahmedabad,Premium,45,932,0,932,918.84,13.16,24.5,376,3,1,0,Active
CUST101075,Indore,Premium,13,835,0,835,821.88,13.12,28.4,345,1,1,1,Churned
CUST101262,Mumbai,Basic,47,365,0,365,351.89,13.11,38.3,516,1,0,0,Active
CUST101963,Lucknow,Standard,55,584,50,534,520.9,13.1,32.5,289,0,2,0,Active
CUST100911,Indore,Basic,46,400,0,400,386.91,13.09,1,183,2,1,1,Churned
CUST102102,Indore,Basic,10,324,0,324,310.92,13.08,24.3,624,0,1,0,Active
CUST100869,Bhopal,Basic,56,316,50,266,252.95,13.05,32.6,507,0,2,0,Active
CUST102026,Pune,Standard,50,473,50,423,409.95,13.05,32.3,145,0,0,0,Active
CUST100170,Bhopal,Standard,5,632,50,582,569.03,12.97,24.9,399,1,2,0,Active
CUST100056,Pune,Standard,49,446,50,396,383.04,12.96,22.8,389,1,0,0,Active
CUST101884,Pune,Standard,26,500,100,400,387.05,12.95,39.9,538,1,3,0,Active
CUST100031,Indore,Basic,48,314,25,289,276.08,12.92,56.3,455,0,3,0,Active
CUST101954,Ahmedabad,Premium,16,889,50,839,826.08,12.92,65.9,515,1,0,0,Active
CUST100657,Jaipur,Basic,10,309,25,284,271.11,12.89,4,416,1,5,0,Active
CUST101341,Indore,Premium,19,867,0,867,854.11,12.89,45.4,215,0,2,0,Active
CUST101211,Lucknow,Standard,42,546,50,496,483.14,12.86,35.6,582,2,2,0,Active
CUST101493,Delhi,Standard,29,468,0,468,455.14,12.86,22.2,446,2,2,0,Active
CUST100744,Lucknow,Standard,36,543,50,493,480.15,12.85,29.6,265,1,1,0,Active
CUST101715,Ahmedabad,Standard,14,561,0,561,548.17,12.83,43.3,552,0,1,1,Churned
CUST100668,Ahmedabad,Standard,29,531,100,431,418.19,12.81,30.6,614,1,2,0,Active
CUST100918,Delhi,Basic,45,358,50,308,295.24,12.76,1,264,1,2,0,Active
CUST102413,Pune,Standard,52,471,100,371,358.24,12.76,57.3,711,0,1,0,Active
CUST100394,Jaipur,Basic,45,376,0,376,363.25,12.75,61.5,234,2,2,0,Active
CUST100007,Jaipur,Premium,46,842,50,792,779.26,12.74,76.3,322,1,0,0,Active
CUST100565,Indore,Standard,39,589,0,589,576.26,12.74,23.1,175,0,3,1,Active
CUST101171,Jaipur,Basic,5,316,50,266,253.26,12.74,26.6,377,0,0,0,Active
CUST101835,Indore,Basic,21,304,0,304,291.26,12.74,7.4,677,0,2,0,Active
CUST102316,Bhopal,Premium,15,877,50,827,814.26,12.74,40.7,716,0,2,0,Active
CUST100601,Lucknow,Premium,57,927,50,877,864.27,12.73,58.6,444,0,2,0,Active
CUST100875,Pune,Basic,9,310,50,260,247.27,12.73,41.4,220,0,2,0,Active
CUST100745,Delhi,Standard,54,694,0,694,681.31,12.69,49.4,206,3,2,0,Active
CUST101906,Delhi,Basic,53,299,0,299,286.31,12.69,29.3,279,0,1,0,Active
CUST100295,Pune,Basic,25,442,0,442,429.32,12.68,26.7,554,1,1,0,Active
CUST101836,Ahmedabad,Basic,24,297,0,297,284.32,12.68,30.8,151,0,1,0,Active
CUST102377,Indore,Standard,38,543,0,543,530.33,12.67,27,409,1,2,1,Active
CUST101839,Pune,Premium,17,707,25,682,669.34,12.66,59.5,654,2,2,0,Churned
CUST100240,Indore,Basic,9,378,25,353,340.35,12.65,28.6,184,1,3,0,Active
CUST102336,Mumbai,Basic,36,282,0,282,269.35,12.65,35.3,303,2,0,0,Active
CUST102487,Bhopal,Standard,22,461,100,361,348.35,12.65,49.9,93,0,3,0,Active
CUST100154,Mumbai,Basic,8,347,0,347,334.37,12.63,36.7,321,0,1,0,Active
CUST100936,Indore,Premium,12,794,0,794,781.37,12.63,21.2,277,1,0,0,Churned
CUST101145,Mumbai,Premium,38,985,0,985,972.37,12.63,46.8,301,1,2,0,Churned
CUST102404,Mumbai,Basic,38,351,0,351,338.37,12.63,21.5,690,2,2,1,Active
CUST100110,Delhi,Standard,4,587,0,587,574.38,12.62,33.7,402,1,2,0,Active
CUST100790,Bhopal,Basic,26,373,25,348,335.38,12.62,63.3,532,1,1,0,Active
CUST100933,Jaipur,Basic,41,375,25,350,337.38,12.62,13.9,716,0,2,0,Active
CUST102031,Indore,Basic,17,377,75,302,289.38,12.62,72.1,415,2,2,0,Active
CUST100033,Pune,Standard,31,566,75,491,478.39,12.61,16.5,574,1,0,0,Active
CUST100559,Lucknow,Basic,55,364,50,314,301.4,12.6,50.8,387,2,3,1,Active
CUST102446,Lucknow,Basic,42,411,25,386,373.41,12.59,24.3,509,0,2,0,Active
CUST100615,Jaipur,Premium,58,958,0,958,945.42,12.58,66.2,374,0,3,1,Active
CUST100837,Indore,Basic,33,349,0,349,336.42,12.58,54.1,551,1,0,0,Churned
CUST101842,Lucknow,Premium,27,858,0,858,845.43,12.57,70.8,489,0,2,1,Churned
CUST101491,Mumbai,Premium,22,833,0,833,820.44,12.56,46.9,326,0,2,0,Churned
CUST101865,Mumbai,Standard,46,597,0,597,584.47,12.53,31.8,214,1,2,0,Active
CUST101573,Lucknow,Premium,40,820,0,820,807.48,12.52,63.2,141,0,2,0,Active
CUST100157,Pune,Basic,57,381,100,281,268.51,12.49,25.1,533,0,0,0,Active
CUST100234,Mumbai,Standard,1,562,0,562,549.51,12.49,33.4,173,1,0,0,Active
CUST101665,Mumbai,Basic,51,329,75,254,241.52,12.48,25.4,267,0,1,0,Active
CUST100467,Pune,Standard,15,639,75,564,551.56,12.44,37.9,278,0,0,0,Active
CUST101646,Delhi,Premium,43,1007,25,982,969.56,12.44,42.9,485,0,1,0,Active
CUST101932,Lucknow,Standard,52,543,25,518,505.56,12.44,12.5,43,2,1,1,Active
CUST100776,Mumbai,Premium,46,1039,25,1014,1001.58,12.42,66.9,442,0,0,0,Active
CUST101438,Delhi,Basic,54,325,25,300,287.58,12.42,40.5,390,0,1,0,Active
CUST101141,Delhi,Standard,50,561,0,561,548.59,12.41,32,467,0,2,0,Active
CUST100158,Pune,Premium,39,829,0,829,816.6,12.4,58.3,876,2,1,0,Active
CUST100421,Jaipur,Standard,19,638,0,638,625.6,12.4,61.6,392,1,0,1,Churned
CUST101849,Indore,Basic,40,431,75,356,343.63,12.37,54.5,463,1,1,1,Active
CUST100809,Ahmedabad,Basic,35,376,0,376,363.65,12.35,28.8,73,0,1,0,Active
CUST100901,Bhopal,Basic,13,336,0,336,323.65,12.35,25.2,643,0,4,0,Active
CUST101331,Jaipur,Premium,47,929,50,879,866.65,12.35,31,360,2,0,0,Active
CUST101175,Delhi,Standard,2,694,0,694,681.66,12.34,71.7,381,0,2,0,Active
CUST102015,Delhi,Basic,60,345,50,295,282.66,12.34,45.7,532,0,1,0,Active
CUST100352,Delhi,Standard,15,590,25,565,552.7,12.3,8.2,285,4,0,1,Churned
CUST101037,Bhopal,Standard,48,665,0,665,652.7,12.3,16,535,1,3,0,Churned
CUST101405,Indore,Premium,40,881,0,881,868.7,12.3,49.5,187,1,0,0,Active
CUST101907,Indore,Basic,23,270,75,195,182.7,12.3,71.9,89,2,3,0,Churned
CUST102468,Bhopal,Premium,15,946,0,946,933.7,12.3,50.2,107,2,0,0,Active
CUST100625,Indore,Standard,10,613,0,613,600.71,12.29,50.9,559,1,3,0,Active
CUST102227,Ahmedabad,Premium,47,780,0,780,767.71,12.29,59.4,405,0,2,0,Churned
CUST102355,Delhi,Basic,30,366,0,366,353.72,12.28,65.2,635,0,2,1,Churned
CUST101929,Ahmedabad,Standard,35,570,0,570,557.73,12.27,64.2,365,2,0,0,Active
CUST100214,Jaipur,Standard,9,570,0,570,557.75,12.25,15.4,228,2,0,0,Active
CUST100760,Indore,Basic,39,375,100,275,262.79,12.21,43.9,423,1,0,1,Active
CUST101294,Ahmedabad,Standard,27,678,50,628,615.79,12.21,40.6,279,1,2,0,Active
CUST101870,Bhopal,Basic,20,332,0,332,319.8,12.2,2.8,574,0,2,0,Active
CUST101883,Lucknow,Basic,15,335,0,335,322.8,12.2,29.2,713,1,2,0,Active
CUST100449,Delhi,Standard,5,680,0,680,667.81,12.19,64.6,227,0,2,0,Active
CUST100575,Delhi,Basic,51,316,50,266,253.81,12.19,20.6,627,0,0,0,Active
CUST100880,Bhopal,Basic,15,199,50,149,136.81,12.19,44.5,505,1,2,0,Churned
CUST102389,Lucknow,Standard,32,628,0,628,615.82,12.18,21,253,1,1,0,Active
CUST100503,Lucknow,Premium,22,1094,50,1044,1031.84,12.16,37.4,474,2,2,0,Active
CUST101771,Mumbai,Standard,4,606,0,606,593.84,12.16,40.1,464,0,1,1,Active
CUST102172,Ahmedabad,Standard,54,679,25,654,641.84,12.16,41.2,294,1,2,0,Active
CUST101250,Indore,Basic,13,340,0,340,327.86,12.14,40.1,203,0,2,0,Active
CUST101272,Ahmedabad,Basic,31,313,100,213,200.88,12.12,31.7,272,4,1,0,Churned
CUST100502,Ahmedabad,Premium,17,843,0,843,830.89,12.11,82.9,438,4,1,0,Churned
CUST100490,Ahmedabad,Basic,15,429,25,404,391.9,12.1,8,381,1,0,0,Churned
CUST101935,Indore,Basic,36,360,75,285,272.92,12.08,30.8,538,0,0,0,Active
CUST102454,Lucknow,Basic,31,438,100,338,325.93,12.07,13.9,485,1,0,0,Active
CUST101817,Delhi,Basic,35,336,25,311,298.95,12.05,36,189,0,1,0,Active
CUST102074,Jaipur,Standard,43,687,0,687,674.95,12.05,22.9,214,1,1,0,Active
CUST101584,Jaipur,Standard,25,490,100,390,377.96,12.04,47.1,233,2,1,0,Churned
CUST101712,Ahmedabad,Basic,57,426,0,426,413.96,12.04,1,416,2,0,0,Active
CUST102273,Mumbai,Basic,7,403,25,378,365.99,12.01,31.9,520,0,2,1,Active
CUST100314,Indore,Standard,28,651,50,601,589,12,12,670,0,0,0,Active
CUST101061,Jaipur,Basic,1,266,25,241,229,12,61.9,488,1,1,0,Active
CUST101441,Pune,Basic,55,287,0,287,275,12,59.2,617,0,1,0,Churned
CUST101823,Ahmedabad,Standard,55,577,25,552,540,12,29.8,352,1,1,0,Active
CUST102062,Indore,Standard,40,499,75,424,412,12,54.7,573,1,2,0,Active
CUST102135,Jaipur,Standard,31,567,100,467,455,12,21.9,535,0,3,0,Active
CUST102036,Pune,Standard,45,529,25,504,492.01,11.99,55.3,648,1,2,0,Active
CUST100325,Indore,Basic,52,275,0,275,263.02,11.98,20.1,114,1,0,0,Active
CUST100330,Pune,Premium,11,883,50,833,821.02,11.98,42.8,488,1,2,0,Churned
CUST100846,Indore,Basic,16,358,50,308,296.03,11.97,23.7,230,1,1,0,Active
CUST100081,Mumbai,Standard,14,624,50,574,562.04,11.96,28.5,224,3,0,0,Active
CUST101460,Lucknow,Premium,27,927,75,852,840.04,11.96,45.4,300,0,1,1,Active
CUST101426,Jaipur,Standard,13,715,50,665,653.05,11.95,30.1,352,0,2,0,Churned
CUST101063,Jaipur,Basic,22,379,100,279,267.08,11.92,35.4,611,0,0,0,Active
CUST101383,Ahmedabad,Standard,19,675,50,625,613.09,11.91,30.2,292,0,3,0,Active
CUST101587,Bhopal,Basic,30,379,0,379,367.1,11.9,16.3,262,0,0,0,Active
CUST101942,Lucknow,Standard,12,468,25,443,431.11,11.89,47.7,386,0,1,0,Churned
CUST100051,Indore,Standard,30,549,25,524,512.12,11.88,19.4,705,2,3,0,Active
CUST101134,Pune,Basic,49,351,75,276,264.13,11.87,36.1,483,1,1,0,Active
CUST101353,Ahmedabad,Standard,12,619,50,569,557.15,11.85,1,389,1,1,0,Active
CUST102373,Mumbai,Premium,22,981,0,981,969.15,11.85,46.9,247,1,1,0,Churned
CUST100540,Jaipur,Standard,54,758,50,708,696.17,11.83,20.1,608,0,0,0,Active
CUST101418,Lucknow,Standard,43,680,100,580,568.17,11.83,83.2,275,1,0,0,Active
CUST101553,Pune,Standard,44,529,0,529,517.18,11.82,52.8,408,1,1,0,Active
CUST100395,Lucknow,Standard,6,593,0,593,581.21,11.79,25.9,524,1,1,1,Churned
CUST101853,Indore,Standard,7,737,0,737,725.22,11.78,49.2,10,0,1,0,Active
CUST100146,Bhopal,Standard,34,703,50,653,641.23,11.77,32.9,409,1,0,0,Active
CUST101463,Bhopal,Basic,39,377,100,277,265.24,11.76,1,402,1,2,0,Active
CUST101257,Pune,Premium,54,761,50,711,699.25,11.75,67,465,0,2,0,Active
CUST102294,Jaipur,Basic,60,327,0,327,315.27,11.73,62.4,326,1,2,0,Active
CUST100204,Mumbai,Basic,57,339,50,289,277.28,11.72,59.8,331,0,1,0,Active
CUST100393,Pune,Basic,13,321,75,246,234.28,11.72,71.2,721,1,1,0,Active
CUST100678,Pune,Basic,41,371,100,271,259.29,11.71,39,464,2,2,0,Active
CUST101165,Bhopal,Basic,5,384,50,334,322.3,11.7,40.2,418,0,2,0,Active
CUST101938,Ahmedabad,Basic,21,347,0,347,335.31,11.69,59,576,0,3,0,Active
CUST100508,Delhi,Premium,19,907,0,907,895.32,11.68,42.2,640,1,1,0,Active
CUST101754,Jaipur,Basic,53,289,0,289,277.37,11.63,62.5,339,1,0,0,Churned
CUST100230,Mumbai,Standard,34,598,100,498,486.38,11.62,38.1,614,1,1,1,Active
CUST100177,Indore,Basic,48,337,25,312,300.39,11.61,28.2,584,1,2,0,Active
CUST101720,Bhopal,Standard,10,596,100,496,484.39,11.61,8.2,269,2,1,0,Active
CUST101699,Ahmedabad,Premium,24,900,100,800,788.4,11.6,17.1,300,0,0,0,Churned
CUST101583,Mumbai,Premium,2,901,75,826,814.41,11.59,87.9,391,0,0,0,Active
CUST100547,Pune,Basic,55,318,75,243,231.44,11.56,1,459,0,2,0,Active
CUST100965,Pune,Basic,44,414,50,364,352.44,11.56,12.3,767,0,1,0,Active
CUST101777,Indore,Premium,11,903,50,853,841.44,11.56,51.1,414,1,4,0,Active
CUST100068,Bhopal,Standard,22,686,75,611,599.48,11.52,37.8,241,0,1,0,Active
CUST102485,Delhi,Premium,43,914,50,864,852.49,11.51,44.9,466,1,0,0,Active
CUST100699,Bhopal,Premium,55,883,0,883,871.51,11.49,80.2,685,0,0,0,Active
CUST100407,Indore,Premium,43,1027,0,1027,1015.54,11.46,81.5,611,0,4,0,Active
CUST101403,Delhi,Standard,59,610,0,610,598.54,11.46,30.2,364,0,0,0,Active
CUST102055,Delhi,Basic,5,414,0,414,402.54,11.46,32.6,476,0,1,0,Churned
CUST100106,Lucknow,Standard,31,623,0,623,611.55,11.45,31,321,0,1,1,Active
CUST100439,Mumbai,Basic,9,262,75,187,175.55,11.45,25.1,197,1,2,0,Active
CUST100713,Lucknow,Basic,43,391,0,391,379.55,11.45,53.8,235,0,1,0,Active
CUST100101,Indore,Premium,1,771,0,771,759.57,11.43,62.9,562,0,0,0,Active
CUST100998,Ahmedabad,Basic,37,320,75,245,233.59,11.41,54.2,523,1,1,0,Active
CUST100645,Delhi,Basic,26,342,100,242,230.61,11.39,33,419,1,2,0,Active
CUST102305,Bhopal,Standard,11,546,0,546,534.62,11.38,39.4,177,0,1,0,Churned
CUST102181,Indore,Standard,53,608,0,608,596.63,11.37,21.7,515,0,1,0,Active
CUST101162,Lucknow,Basic,39,346,0,346,334.65,11.35,41.1,508,1,1,0,Active
CUST102148,Lucknow,Standard,59,564,100,464,452.65,11.35,43.2,521,0,0,0,Active
CUST100291,Delhi,Basic,38,382,0,382,370.66,11.34,20.5,161,2,1,0,Active
CUST100628,Pune,Standard,13,543,50,493,481.66,11.34,37.4,406,1,1,0,Churned
CUST100123,Mumbai,Premium,9,752,0,752,740.68,11.32,74.6,540,0,0,0,Active
CUST100850,Ahmedabad,Standard,8,606,75,531,519.69,11.31,31.5,437,1,2,0,Active
CUST100408,Ahmedabad,Basic,7,315,25,290,278.7,11.3,33.6,226,1,0,1,Churned
CUST101156,Bhopal,Standard,23,559,0,559,547.7,11.3,53,423,1,2,0,Active
CUST101788,Mumbai,Basic,21,386,0,386,374.7,11.3,28.9,463,1,1,0,Active
CUST102168,Ahmedabad,Basic,11,382,50,332,320.71,11.29,38.7,733,2,2,0,Active
CUST102345,Delhi,Premium,17,887,0,887,875.71,11.29,50.4,634,0,0,0,Active
CUST101330,Mumbai,Basic,57,321,0,321,309.73,11.27,53.3,349,0,2,0,Active
CUST100124,Lucknow,Premium,53,870,50,820,808.74,11.26,65.4,490,3,1,1,Active
CUST101255,Bhopal,Basic,12,382,0,382,370.75,11.25,26.8,291,1,1,0,Active
CUST101813,Mumbai,Premium,53,1012,75,937,925.75,11.25,72.7,309,2,1,0,Active
CUST102448,Lucknow,Basic,56,329,50,279,267.75,11.25,25.4,398,3,2,0,Churned
CUST100288,Pune,Premium,51,878,100,778,766.76,11.24,36.8,141,1,0,0,Active
CUST101127,Jaipur,Standard,50,579,100,479,467.77,11.23,22.2,485,2,0,0,Active
CUST102307,Indore,Premium,53,929,0,929,917.77,11.23,46.6,329,1,3,0,Active
CUST100138,Delhi,Premium,49,989,0,989,977.78,11.22,64.8,501,2,0,0,Churned
CUST100647,Pune,Basic,11,369,50,319,307.78,11.22,17.3,655,1,1,1,Active
CUST100844,Bhopal,Premium,19,802,0,802,790.79,11.21,48.8,367,1,0,0,Active
CUST100792,Jaipur,Standard,4,549,0,549,537.8,11.2,40.2,296,0,6,0,Churned
CUST102166,Delhi,Standard,37,668,0,668,656.81,11.19,9.6,333,0,2,0,Active
CUST100161,Jaipur,Premium,29,1024,0,1024,1012.86,11.14,62.4,557,0,1,0,Active
CUST100338,Indore,Basic,47,403,100,303,291.86,11.14,55.5,360,1,3,0,Active
CUST100187,Mumbai,Standard,37,553,100,453,441.88,11.12,9.1,588,2,1,0,Active
CUST100780,Ahmedabad,Basic,39,357,0,357,345.88,11.12,57.5,385,0,0,0,Active
CUST101832,Pune,Standard,39,553,0,553,541.88,11.12,15.5,526,1,1,0,Active
CUST100468,Indore,Standard,1,627,25,602,590.89,11.11,48.8,463,1,1,0,Active
CUST100242,Bhopal,Standard,51,580,50,530,518.9,11.1,20.9,161,0,1,0,Active
CUST100194,Ahmedabad,Basic,39,337,0,337,325.91,11.09,13.4,443,0,4,0,Active
CUST101292,Mumbai,Basic,37,266,0,266,254.91,11.09,44.7,563,0,2,0,Active
CUST100856,Indore,Standard,57,578,0,578,566.92,11.08,20.8,404,1,0,1,Churned
CUST101119,Mumbai,Standard,38,703,100,603,591.92,11.08,49,366,2,1,1,Active
CUST101152,Mumbai,Standard,20,650,50,600,588.93,11.07,52.5,424,1,0,0,Active
CUST101253,Lucknow,Premium,44,857,75,782,770.93,11.07,55.2,198,0,2,0,Active
CUST101634,Mumbai,Standard,13,645,0,645,633.95,11.05,41.3,452,2,2,0,Churned
CUST102136,Pune,Standard,60,401,75,326,314.95,11.05,53.8,180,3,1,0,Active
CUST102293,Jaipur,Basic,14,334,25,309,297.95,11.05,18.5,132,1,1,0,Active
CUST100030,Mumbai,Basic,26,345,0,345,333.97,11.03,31.7,572,0,2,0,Active
CUST100953,Mumbai,Basic,37,358,0,358,347,11,51.8,209,0,4,1,Active
CUST100684,Indore,Standard,35,637,0,637,626.01,10.99,26.3,457,1,3,0,Active
CUST102053,Ahmedabad,Premium,26,842,0,842,831.01,10.99,80.4,421,2,1,0,Churned
CUST101304,Pune,Basic,31,332,50,282,271.02,10.98,43.3,652,1,1,0,Active
CUST101961,Ahmedabad,Standard,19,521,0,521,510.03,10.97,50.6,163,2,1,0,Active
CUST101947,Ahmedabad,Basic,37,260,75,185,174.05,10.95,22.2,406,1,1,0,Churned
CUST100227,Pune,Premium,21,915,0,915,904.06,10.94,60,418,1,1,0,Active
CUST102087,Jaipur,Premium,58,964,0,964,953.06,10.94,48.9,472,0,4,0,Active
CUST102499,Ahmedabad,Basic,37,288,0,288,277.07,10.93,48.1,868,3,2,0,Active
CUST102020,Delhi,Premium,20,819,0,819,808.08,10.92,58.2,545,0,3,1,Active
CUST101545,Pune,Standard,47,517,50,467,456.09,10.91,33.9,391,1,1,0,Active
CUST102411,Bhopal,Premium,15,833,50,783,772.1,10.9,50.8,23,1,1,0,Active
CUST100431,Jaipur,Premium,6,883,50,833,822.11,10.89,49.3,648,0,2,0,Active
CUST101078,Mumbai,Standard,55,559,0,559,548.11,10.89,45.4,466,0,0,1,Active
CUST101673,Lucknow,Standard,31,533,0,533,522.12,10.88,16.3,482,1,1,0,Churned
CUST101464,Lucknow,Premium,53,909,0,909,898.13,10.87,31.4,592,0,0,1,Active
CUST101958,Jaipur,Basic,47,326,50,276,265.13,10.87,55.1,433,1,0,0,Active
CUST102141,Ahmedabad,Standard,43,559,25,534,523.15,10.85,73.8,531,1,3,0,Active
CUST102174,Indore,Basic,25,437,50,387,376.15,10.85,38.6,821,0,1,0,Churned
CUST100446,Delhi,Basic,44,422,0,422,411.16,10.84,49.1,637,1,2,1,Churned
CUST101801,Mumbai,Basic,51,375,25,350,339.16,10.84,14.7,473,0,2,0,Active
CUST100119,Bhopal,Basic,48,351,0,351,340.17,10.83,5.1,262,1,0,0,Active
CUST100789,Bhopal,Standard,29,504,50,454,443.17,10.83,33.2,479,0,2,0,Active
CUST100793,Lucknow,Premium,2,771,0,771,760.17,10.83,41.3,227,0,0,1,Active
CUST100544,Lucknow,Premium,25,1002,25,977,966.18,10.82,74,481,1,0,1,Active
CUST101126,Lucknow,Premium,48,811,0,811,800.19,10.81,85.3,212,1,0,0,Active
CUST100624,Pune,Premium,46,871,0,871,860.21,10.79,44.9,570,0,2,0,Active
CUST100195,Bhopal,Standard,43,598,50,548,537.23,10.77,30.4,661,0,2,0,Active
CUST100764,Delhi,Basic,4,428,0,428,417.23,10.77,29.8,560,2,3,0,Active
CUST102140,Jaipur,Basic,22,353,100,253,242.23,10.77,32.2,417,0,4,0,Active
CUST100735,Jaipur,Premium,52,950,0,950,939.26,10.74,65,311,1,2,0,Active
CUST101231,Jaipur,Basic,8,337,0,337,326.26,10.74,33.1,551,2,0,0,Active
CUST102414,Delhi,Basic,32,366,0,366,355.27,10.73,33.9,717,2,1,1,Churned
CUST101293,Bhopal,Basic,11,335,0,335,324.28,10.72,17.4,455,0,1,0,Active
CUST101594,Jaipur,Basic,13,304,100,204,193.28,10.72,28.2,495,1,2,0,Active
CUST101181,Ahmedabad,Standard,8,670,0,670,659.3,10.7,24.7,164,2,1,0,Active
CUST101513,Delhi,Basic,25,366,50,316,305.3,10.7,46.3,548,1,1,0,Active
CUST100863,Lucknow,Standard,8,627,0,627,616.32,10.68,21.9,525,2,1,0,Active
CUST101458,Delhi,Basic,26,288,100,188,177.32,10.68,5.7,668,0,2,0,Active
CUST102281,Delhi,Basic,14,345,0,345,334.32,10.68,43.1,476,1,1,1,Active
CUST100345,Delhi,Standard,21,577,25,552,541.33,10.67,36.2,289,1,2,0,Active
CUST102288,Ahmedabad,Basic,41,357,25,332,321.33,10.67,40.9,515,0,3,0,Churned
CUST100687,Pune,Standard,12,629,75,554,543.34,10.66,68.7,280,0,4,0,Active
CUST101529,Ahmedabad,Basic,7,298,50,248,237.36,10.64,69.3,273,3,1,0,Active
CUST102490,Delhi,Basic,20,378,100,278,267.36,10.64,47,216,1,2,0,Churned
CUST101781,Delhi,Basic,13,438,0,438,427.38,10.62,31.1,460,0,1,1,Churned
CUST100707,Pune,Basic,19,324,0,324,313.39,10.61,20.7,269,0,2,0,Active
CUST100250,Indore,Standard,39,578,0,578,567.41,10.59,21.9,349,0,0,1,Active
CUST100533,Delhi,Basic,16,325,25,300,289.41,10.59,47.6,289,0,1,0,Active
CUST102381,Mumbai,Premium,52,952,50,902,891.41,10.59,76,646,0,3,0,Churned
CUST100954,Lucknow,Basic,54,312,0,312,301.49,10.51,63.6,303,2,6,0,Active
CUST100967,Delhi,Premium,47,751,100,651,640.49,10.51,76.6,215,0,0,0,Active
CUST101108,Ahmedabad,Premium,44,899,0,899,888.53,10.47,77,192,3,3,0,Active
CUST101549,Bhopal,Standard,45,578,0,578,567.55,10.45,32.4,427,0,0,0,Active
CUST100532,Indore,Basic,39,407,0,407,396.56,10.44,30.6,548,0,0,0,Active
CUST101897,Lucknow,Standard,32,586,0,586,575.56,10.44,37.5,477,2,1,0,Active
CUST100930,Pune,Standard,6,600,50,550,539.58,10.42,49.7,267,1,1,1,Active
CUST100186,Indore,Basic,5,365,100,265,254.59,10.41,29.7,604,0,0,0,Active
CUST101591,Delhi,Standard,17,622,100,522,511.59,10.41,16.8,584,2,2,0,Churned
CUST102154,Jaipur,Premium,59,967,0,967,956.62,10.38,96.8,288,2,1,0,Active
CUST102314,Indore,Premium,31,979,25,954,943.62,10.38,88.9,596,1,2,0,Churned
CUST101202,Ahmedabad,Standard,60,620,75,545,534.65,10.35,59.6,646,1,3,1,Active
CUST101457,Mumbai,Basic,50,366,0,366,355.65,10.35,61.9,375,1,0,1,Active
CUST100075,Mumbai,Premium,8,622,75,547,536.66,10.34,38.2,549,2,0,0,Active
CUST100656,Lucknow,Standard,4,485,0,485,474.66,10.34,78.1,474,1,2,1,Active
CUST100095,Delhi,Standard,47,685,75,610,599.69,10.31,40.3,203,2,1,0,Active
CUST101773,Mumbai,Standard,21,523,25,498,487.73,10.27,19.8,697,2,0,1,Active
CUST100360,Lucknow,Basic,40,341,75,266,255.74,10.26,28.4,605,0,3,0,Active
CUST100825,Bhopal,Standard,52,689,100,589,578.75,10.25,32.7,313,0,3,1,Churned
CUST101249,Ahmedabad,Standard,36,586,0,586,575.75,10.25,34.6,588,0,2,0,Active
CUST101608,Indore,Standard,21,442,50,392,381.75,10.25,16.3,572,0,2,0,Active
CUST101848,Pune,Basic,3,339,0,339,328.76,10.24,58.2,273,2,2,0,Churned
CUST100613,Mumbai,Standard,18,785,0,785,774.77,10.23,37.6,471,1,1,0,Active
CUST101967,Mumbai,Basic,15,336,0,336,325.77,10.23,15,562,1,3,0,Active
CUST100578,Ahmedabad,Premium,3,924,0,924,913.78,10.22,51.8,327,2,2,0,Churned
CUST101216,Pune,Premium,42,922,50,872,861.78,10.22,57,94,1,0,0,Active
CUST101684,Delhi,Standard,59,673,25,648,637.8,10.2,18.8,463,0,0,1,Active
CUST102245,Lucknow,Premium,42,872,25,847,836.8,10.2,57,428,0,0,0,Churned
CUST100055,Bhopal,Premium,5,923,50,873,862.81,10.19,65.4,300,2,2,0,Active
CUST100582,Bhopal,Standard,31,491,50,441,430.81,10.19,26.6,649,1,4,0,Active
CUST101568,Ahmedabad,Standard,31,573,0,573,562.82,10.18,9.2,526,0,1,1,Active
CUST100390,Jaipur,Standard,13,595,50,545,534.85,10.15,1,353,1,3,0,Active
CUST100379,Delhi,Basic,6,282,75,207,196.86,10.14,48,299,1,0,0,Active
CUST102094,Indore,Standard,27,678,0,678,667.86,10.14,41.2,527,0,2,0,Active
CUST101459,Pune,Standard,59,494,25,469,458.87,10.13,29.8,213,0,0,0,Active
CUST101702,Jaipur,Basic,21,329,0,329,318.87,10.13,17.2,523,2,1,0,Churned
CUST101016,Mumbai,Standard,31,572,0,572,561.89,10.11,15.8,239,1,1,0,Active
CUST101982,Bhopal,Standard,2,559,50,509,498.89,10.11,22,629,2,1,0,Active
CUST101041,Lucknow,Standard,60,619,25,594,583.91,10.09,34.9,526,1,0,0,Active
CUST101762,Bhopal,Standard,10,666,50,616,605.91,10.09,42,370,1,0,0,Active
CUST101994,Lucknow,Basic,35,343,50,293,282.92,10.08,20.2,466,1,2,1,Active
CUST102217,Ahmedabad,Basic,2,290,25,265,254.93,10.07,64.3,358,1,1,0,Active
CUST101087,Ahmedabad,Basic,36,313,0,313,302.94,10.06,24.6,379,2,1,0,Active
CUST100651,Jaipur,Basic,25,317,75,242,231.96,10.04,50.4,497,0,0,0,Active
CUST100602,Jaipur,Standard,11,614,0,614,603.97,10.03,28.8,655,1,0,0,Active
CUST101382,Delhi,Premium,17,925,0,925,914.97,10.03,67.2,245,0,2,0,Active
CUST101052,Pune,Standard,31,614,0,614,603.98,10.02,43.2,414,1,1,1,Active
CUST101895,Lucknow,Standard,29,577,0,577,566.98,10.02,86.6,346,0,0,0,Active
CUST101144,Delhi,Standard,3,568,0,568,557.99,10.01,63.8,597,2,0,0,Active
CUST101657,Lucknow,Basic,30,296,25,271,260.99,10.01,8.9,201,0,1,0,Active
CUST101693,Mumbai,Basic,27,416,50,366,355.99,10.01,24.5,511,0,1,0,Active
CUST101558,Ahmedabad,Basic,60,398,25,373,363,10,60,357,1,0,0,Active
CUST102038,Ahmedabad,Basic,33,330,0,330,320.01,9.99,24.6,468,0,0,0,Active
CUST100774,Lucknow,Standard,5,676,100,576,566.02,9.98,35.3,358,4,3,1,Churned
CUST101697,Indore,Standard,20,524,0,524,514.02,9.98,18.1,487,2,2,0,Active
CUST101297,Jaipur,Basic,10,314,0,314,304.03,9.97,25.8,502,1,2,0,Active
CUST100896,Pune,Basic,41,363,0,363,353.04,9.96,29.8,10,0,2,0,Active
CUST100463,Mumbai,Premium,27,1058,100,958,948.05,9.95,58.2,192,2,1,1,Churned
CUST100093,Mumbai,Standard,39,555,100,455,445.06,9.94,35.4,320,1,1,0,Active
CUST102287,Lucknow,Standard,17,545,0,545,535.07,9.93,3.7,606,1,2,0,Active
CUST100469,Ahmedabad,Premium,23,1076,25,1051,1041.08,9.92,60.9,236,0,0,0,Active
CUST102342,Pune,Premium,40,1006,0,1006,996.08,9.92,70.5,620,2,0,0,Active
CUST101320,Bhopal,Basic,30,355,75,280,270.1,9.9,17.7,583,1,0,0,Active
CUST101367,Mumbai,Premium,23,967,0,967,957.1,9.9,77.3,364,0,1,0,Active
CUST102453,Mumbai,Standard,28,568,75,493,483.14,9.86,79.6,531,4,1,0,Active
CUST101222,Ahmedabad,Standard,46,657,0,657,647.17,9.83,54.8,590,0,0,0,Active
CUST102220,Ahmedabad,Standard,49,479,0,479,469.17,9.83,19.3,594,0,0,0,Active
CUST100821,Jaipur,Standard,32,625,50,575,565.18,9.82,7.1,420,0,1,0,Churned
CUST101727,Pune,Standard,29,635,25,610,600.18,9.82,60.6,564,1,0,0,Active
CUST100417,Bhopal,Basic,7,316,50,266,256.21,9.79,27.3,266,0,0,0,Active
CUST101201,Mumbai,Standard,11,473,0,473,463.21,9.79,46,403,0,0,0,Active
CUST100281,Mumbai,Basic,9,347,0,347,337.22,9.78,62,593,0,0,0,Active
CUST100312,Bhopal,Premium,6,1169,100,1069,1059.22,9.78,53.2,413,1,0,1,Active
CUST101373,Mumbai,Premium,50,952,25,927,917.22,9.78,79.8,476,2,1,0,Active
CUST101490,Delhi,Basic,1,421,100,321,311.22,9.78,28.1,664,1,1,0,Active
CUST102363,Bhopal,Premium,38,899,25,874,864.22,9.78,62.3,845,0,1,0,Active
CUST100029,Mumbai,Standard,4,405,25,380,370.25,9.75,22.5,303,1,2,0,Active
CUST100201,Ahmedabad,Standard,26,675,50,625,615.25,9.75,31.5,278,1,0,0,Active
CUST101488,Bhopal,Standard,1,662,25,637,627.28,9.72,5.6,508,0,0,1,Active
CUST100080,Ahmedabad,Standard,1,595,100,495,485.29,9.71,18.9,328,2,2,0,Churned
CUST100269,Pune,Basic,59,349,0,349,339.29,9.71,22.4,538,0,1,0,Active
CUST101837,Delhi,Standard,53,499,25,474,464.3,9.7,29.1,498,1,1,0,Active
CUST100630,Jaipur,Standard,9,481,0,481,471.31,9.69,18.9,378,2,1,1,Active
CUST100416,Ahmedabad,Premium,41,957,50,907,897.32,9.68,61.1,501,1,2,0,Active
CUST101047,Pune,Basic,52,344,0,344,334.32,9.68,27.3,275,3,0,0,Active
CUST102353,Mumbai,Basic,13,298,0,298,288.32,9.68,78.3,96,1,2,0,Active
CUST101607,Pune,Standard,41,553,50,503,493.33,9.67,30.6,402,0,0,0,Active
CUST101624,Pune,Basic,1,383,100,283,273.34,9.66,38.2,400,0,1,0,Active
CUST100695,Delhi,Premium,38,751,0,751,741.35,9.65,44.4,355,1,2,0,Active
CUST101723,Jaipur,Premium,19,786,50,736,726.35,9.65,40.2,386,0,1,0,Active
CUST102303,Ahmedabad,Standard,18,601,0,601,591.35,9.65,39.5,288,1,4,0,Active
CUST100886,Bhopal,Basic,37,355,0,355,345.36,9.64,14.4,431,1,5,1,Active
CUST102347,Lucknow,Premium,53,885,100,785,775.36,9.64,62.6,450,0,0,0,Active
CUST100653,Lucknow,Basic,39,347,100,247,237.37,9.63,46.8,632,1,2,0,Active
CUST100188,Indore,Premium,3,800,50,750,740.41,9.59,56.4,377,0,0,0,Active
CUST100795,Delhi,Basic,42,334,75,259,249.41,9.59,70.5,259,0,1,0,Churned
CUST100870,Mumbai,Basic,59,343,25,318,308.42,9.58,57,342,1,2,0,Active
CUST102301,Indore,Standard,30,587,0,587,577.42,9.58,15.8,268,0,1,0,Churned
CUST100120,Mumbai,Basic,57,309,25,284,274.43,9.57,34.6,316,0,4,0,Active
CUST101821,Lucknow,Premium,42,839,25,814,804.43,9.57,41,352,2,4,0,Active
CUST101592,Mumbai,Standard,43,506,0,506,496.45,9.55,63.8,199,0,1,0,Churned
CUST100915,Mumbai,Basic,4,304,0,304,294.46,9.54,68.8,455,2,0,0,Active
CUST101581,Indore,Standard,3,584,0,584,574.46,9.54,49.5,668,1,1,0,Active
CUST102173,Lucknow,Basic,5,373,0,373,363.46,9.54,36.8,416,0,2,0,Active
CUST100339,Ahmedabad,Basic,26,389,25,364,354.47,9.53,53,333,3,0,0,Active
CUST101867,Lucknow,Standard,45,583,0,583,573.47,9.53,16.4,430,1,2,0,Active
CUST102304,Ahmedabad,Basic,54,360,0,360,350.47,9.53,43.6,410,0,0,0,Active
CUST100389,Indore,Standard,11,616,50,566,556.48,9.52,40,646,1,1,0,Active
CUST101523,Indore,Basic,31,350,25,325,315.48,9.52,48,281,1,1,0,Active
CUST102270,Delhi,Standard,8,637,100,537,527.48,9.52,39.4,771,0,0,0,Active
CUST100450,Ahmedabad,Premium,38,882,0,882,872.49,9.51,64.9,423,0,4,0,Active
CUST101580,Delhi,Basic,56,390,75,315,305.49,9.51,31.8,306,3,1,0,Active
CUST100219,Ahmedabad,Basic,5,306,50,256,246.5,9.5,31.1,349,1,2,0,Active
CUST100274,Mumbai,Standard,6,594,0,594,584.5,9.5,45.4,517,1,5,0,Churned
CUST101481,Bhopal,Basic,32,397,0,397,387.5,9.5,40.8,411,1,0,1,Churned
CUST100598,Jaipur,Basic,5,378,100,278,268.51,9.49,28.6,432,1,1,0,Active
CUST100583,Bhopal,Basic,46,301,0,301,291.52,9.48,40.5,628,0,2,0,Active
CUST100039,Jaipur,Standard,38,578,50,528,518.53,9.47,34.3,210,0,0,0,Active
CUST100662,Bhopal,Premium,21,769,100,669,659.53,9.47,78.2,139,1,0,1,Active
CUST101389,Ahmedabad,Basic,7,345,75,270,260.54,9.46,53.4,147,4,0,0,Active
CUST101730,Lucknow,Standard,34,591,0,591,581.54,9.46,25.6,474,0,1,0,Active
CUST100715,Lucknow,Basic,44,370,50,320,310.55,9.45,59.5,403,0,3,0,Active
CUST100808,Mumbai,Basic,44,411,100,311,301.55,9.45,47,620,0,4,0,Active
CUST100373,Delhi,Basic,21,426,50,376,366.56,9.44,31.2,434,1,1,0,Active
CUST100899,Pune,Basic,7,408,0,408,398.56,9.44,54.2,319,2,0,1,Churned
CUST101920,Mumbai,Premium,29,942,0,942,932.56,9.44,60.6,442,1,4,0,Active
CUST100323,Ahmedabad,Premium,29,844,25,819,809.57,9.43,53.4,157,1,0,0,Active
CUST100475,Lucknow,Basic,29,349,100,249,239.57,9.43,42.3,298,2,0,0,Active
CUST102470,Ahmedabad,Standard,12,598,0,598,588.57,9.43,34.9,387,1,0,0,Active
CUST101183,Mumbai,Basic,8,356,75,281,271.59,9.41,41.7,462,1,1,0,Active
CUST101535,Bhopal,Standard,18,673,0,673,663.61,9.39,18.1,420,1,2,0,Active
CUST100799,Mumbai,Basic,25,359,0,359,349.62,9.38,29.4,338,1,3,0,Churned
CUST101966,Delhi,Basic,39,377,0,377,367.62,9.38,62.6,674,0,0,0,Active
CUST100072,Mumbai,Basic,12,312,100,212,202.63,9.37,20.4,262,0,2,0,Active
CUST101105,Indore,Standard,60,605,50,555,545.63,9.37,58.3,495,1,3,0,Active
CUST101532,Ahmedabad,Standard,39,491,0,491,481.63,9.37,52.8,541,0,0,0,Active
CUST102379,Jaipur,Basic,12,412,25,387,377.67,9.33,55.9,608,1,3,1,Active
CUST101101,Mumbai,Premium,29,961,25,936,926.68,9.32,51.5,478,1,2,0,Active
CUST102299,Ahmedabad,Premium,48,1031,50,981,971.68,9.32,46.9,415,1,1,0,Active
CUST102105,Delhi,Basic,3,300,100,200,190.7,9.3,49.9,295,1,1,0,Active
CUST102309,Pune,Standard,43,578,100,478,468.7,9.3,56,562,3,0,0,Active
CUST101807,Mumbai,Basic,8,386,25,361,351.75,9.25,49.6,32,0,0,0,Active
CUST100239,Jaipur,Standard,29,581,0,581,571.77,9.23,38.5,489,0,0,0,Active
CUST100112,Pune,Standard,28,585,75,510,500.78,9.22,22.9,407,1,2,0,Churned
CUST101035,Jaipur,Basic,49,373,25,348,338.79,9.21,33.2,381,0,1,0,Active
CUST101150,Delhi,Standard,54,638,0,638,628.79,9.21,25.7,334,2,0,0,Active
CUST101421,Ahmedabad,Standard,26,653,50,603,593.79,9.21,1,414,0,5,0,Churned
CUST100934,Mumbai,Standard,21,543,25,518,508.8,9.2,33.6,191,1,3,0,Churned
CUST100321,Bhopal,Standard,31,563,0,563,553.81,9.19,53.4,251,1,2,0,Active
CUST102296,Indore,Standard,38,560,75,485,475.81,9.19,4.8,190,0,2,1,Active
CUST101767,Mumbai,Basic,17,314,50,264,254.83,9.17,37.9,168,0,2,0,Active
CUST101396,Pune,Standard,18,478,0,478,468.85,9.15,77,13,0,0,0,Active
CUST101944,Mumbai,Standard,45,563,0,563,553.85,9.15,26,197,0,1,0,Active
CUST101011,Lucknow,Premium,5,861,0,861,851.86,9.14,52.3,491,0,0,0,Active
CUST101770,Delhi,Basic,58,274,0,274,264.91,9.09,17.4,267,1,0,0,Active
CUST100743,Delhi,Basic,48,379,100,279,269.92,9.08,1,525,0,1,0,Active
CUST102259,Ahmedabad,Basic,22,497,25,472,462.93,9.07,46.9,766,2,1,0,Active
CUST101281,Jaipur,Standard,13,573,0,573,563.97,9.03,34.8,433,0,1,0,Active
CUST100785,Pune,Standard,3,752,0,752,742.98,9.02,36.5,464,0,3,0,Active
CUST101326,Jaipur,Standard,14,566,0,566,556.99,9.01,72.9,675,0,1,0,Active
CUST101003,Ahmedabad,Standard,9,701,25,676,667,9,41.9,513,2,0,0,Active
CUST101681,Bhopal,Basic,15,349,0,349,340,9,35.9,881,1,1,1,Active
CUST101698,Delhi,Premium,1,858,0,858,849.01,8.99,29.6,256,1,2,0,Active
CUST101970,Lucknow,Basic,23,406,100,306,297.01,8.99,29.4,659,2,1,0,Active
CUST100546,Mumbai,Standard,26,487,50,437,428.02,8.98,26.6,299,1,1,0,Active
CUST100679,Ahmedabad,Standard,11,706,0,706,697.04,8.96,31,422,0,4,0,Active
CUST101744,Indore,Standard,46,632,0,632,623.05,8.95,31.3,502,1,2,0,Active
CUST102219,Indore,Premium,17,995,0,995,986.05,8.95,61.9,562,0,0,0,Active
CUST102277,Bhopal,Basic,24,359,50,309,300.07,8.93,68.2,10,0,0,0,Active
CUST100552,Lucknow,Basic,27,363,0,363,354.08,8.92,23.6,475,1,1,0,Active
CUST100889,Delhi,Premium,17,966,100,866,857.08,8.92,60.2,155,1,1,0,Active
CUST101560,Delhi,Basic,41,413,100,313,304.09,8.91,32.7,377,0,0,0,Active
CUST100403,Ahmedabad,Basic,58,304,0,304,295.13,8.87,79.7,367,2,3,0,Churned
CUST102196,Delhi,Standard,26,646,0,646,637.13,8.87,67.1,352,1,3,0,Active
CUST100305,Indore,Standard,43,547,50,497,488.14,8.86,58.3,59,2,0,0,Active
CUST100160,Ahmedabad,Premium,37,908,0,908,899.15,8.85,54.4,441,1,4,0,Active
CUST100423,Pune,Basic,8,393,0,393,384.15,8.85,22.9,496,0,5,0,Active
CUST101577,Lucknow,Basic,9,355,25,330,321.15,8.85,30.7,329,4,5,0,Active
CUST100580,Bhopal,Standard,54,585,0,585,576.17,8.83,47.5,202,3,1,0,Active
CUST102322,Delhi,Basic,14,382,0,382,373.17,8.83,44.9,355,0,0,0,Active
CUST101626,Pune,Basic,53,393,0,393,384.18,8.82,39.6,219,1,1,0,Active
CUST102019,Mumbai,Basic,56,302,0,302,293.18,8.82,17.6,375,0,2,0,Churned
CUST101174,Bhopal,Premium,58,1011,25,986,977.2,8.8,37.6,419,0,0,0,Active
CUST100412,Delhi,Standard,13,491,0,491,482.21,8.79,20.8,358,1,0,0,Active
CUST100521,Indore,Standard,16,562,0,562,553.21,8.79,29.3,640,0,0,0,Active
CUST102163,Ahmedabad,Basic,18,252,0,252,243.21,8.79,44.2,363,0,3,0,Active
CUST100766,Pune,Basic,9,260,25,235,226.22,8.78,54.4,756,2,5,0,Active
CUST102350,Pune,Basic,12,390,50,340,331.23,8.77,61.6,580,0,0,0,Churned
CUST100895,Pune,Premium,54,915,100,815,806.26,8.74,76.1,282,1,0,0,Active
CUST100509,Indore,Premium,33,915,0,915,906.29,8.71,80.5,421,0,1,0,Churned
CUST101655,Indore,Standard,5,653,0,653,644.29,8.71,44.8,663,0,2,0,Active
CUST101290,Indore,Standard,33,602,0,602,593.3,8.7,16.1,456,1,1,0,Churned
CUST101406,Delhi,Basic,54,291,0,291,282.3,8.7,29.1,309,0,1,0,Active
CUST102151,Delhi,Premium,25,989,50,939,930.3,8.7,71.1,528,0,0,0,Active
CUST102368,Indore,Basic,30,368,50,318,309.3,8.7,16.6,444,0,2,0,Active
CUST101631,Ahmedabad,Basic,40,320,100,220,211.31,8.69,51.2,411,2,1,1,Active
CUST101780,Bhopal,Standard,33,689,0,689,680.31,8.69,35.4,678,0,2,0,Active
CUST100527,Indore,Standard,3,639,25,614,605.32,8.68,46,238,1,1,0,Active
CUST101328,Jaipur,Basic,38,314,0,314,305.33,8.67,41.2,92,3,1,0,Active
CUST101337,Delhi,Basic,1,349,0,349,340.33,8.67,42.6,272,0,2,1,Active
CUST101998,Delhi,Premium,56,757,50,707,698.33,8.67,4.8,407,2,1,0,Active
CUST101094,Delhi,Standard,11,704,100,604,595.36,8.64,41.5,386,2,3,0,Churned
CUST102070,Indore,Basic,58,384,0,384,375.36,8.64,32.9,294,0,1,0,Active
CUST101787,Bhopal,Basic,3,330,0,330,321.38,8.62,51.5,365,1,2,0,Active
CUST101306,Delhi,Basic,36,284,50,234,225.4,8.6,35.7,517,1,1,1,Active
CUST100538,Pune,Premium,20,866,25,841,832.41,8.59,76,249,0,1,1,Active
CUST100843,Bhopal,Basic,43,350,0,350,341.41,8.59,48.4,273,4,0,1,Churned
CUST102137,Bhopal,Premium,33,935,0,935,926.41,8.59,68.9,21,1,0,1,Active
CUST102286,Ahmedabad,Basic,32,384,0,384,375.41,8.59,35.9,365,0,2,0,Active
CUST101993,Jaipur,Basic,27,340,0,340,331.42,8.58,40.9,103,0,0,0,Active
CUST102252,Indore,Basic,48,356,50,306,297.44,8.56,43.5,423,1,0,0,Active
CUST100027,Lucknow,Basic,15,384,0,384,375.45,8.55,34.6,700,3,2,0,Active
CUST100822,Indore,Basic,39,401,50,351,342.47,8.53,18.6,200,0,1,0,Churned
CUST100205,Delhi,Basic,23,381,0,381,372.5,8.5,43.3,565,0,2,0,Churned
CUST101192,Indore,Basic,60,289,75,214,205.53,8.47,25.7,603,1,1,0,Active
CUST102001,Bhopal,Standard,12,660,75,585,576.54,8.46,31.3,492,2,1,1,Active
CUST102391,Indore,Basic,49,374,0,374,365.55,8.45,35.1,310,1,1,0,Active
CUST101090,Pune,Basic,25,418,0,418,409.56,8.44,8.7,473,0,5,0,Active
CUST100164,Mumbai,Basic,48,268,0,268,259.57,8.43,1,425,0,1,0,Active
CUST101066,Ahmedabad,Basic,47,267,25,242,233.57,8.43,51.5,419,0,1,1,Active
CUST101188,Pune,Standard,33,601,75,526,517.57,8.43,35.7,378,1,0,0,Active
CUST100086,Bhopal,Basic,50,355,50,305,296.59,8.41,33.3,210,0,1,0,Active
CUST100130,Pune,Standard,19,545,75,470,461.59,8.41,37.6,294,1,0,0,Active
CUST101038,Mumbai,Basic,2,355,50,305,296.61,8.39,36.3,459,0,0,0,Active
CUST101627,Pune,Basic,49,324,0,324,315.61,8.39,23.2,265,0,3,0,Active
CUST101571,Delhi,Standard,6,690,0,690,681.62,8.38,56.3,481,1,2,0,Active
CUST102365,Bhopal,Standard,48,467,0,467,458.62,8.38,67.4,508,1,1,0,Active
CUST100854,Delhi,Standard,34,604,25,579,570.63,8.37,45.5,274,2,0,1,Churned
CUST101563,Ahmedabad,Basic,20,405,100,305,296.63,8.37,14.3,414,1,1,0,Active
CUST100217,Bhopal,Basic,43,397,75,322,313.64,8.36,31.8,409,0,2,0,Active
CUST100283,Mumbai,Standard,40,556,50,506,497.66,8.34,30,632,1,2,0,Active
CUST100725,Bhopal,Basic,47,345,50,295,286.66,8.34,44.9,285,0,0,0,Active
CUST101968,Lucknow,Basic,54,229,0,229,220.67,8.33,40.7,273,1,1,0,Active
CUST101378,Pune,Basic,21,350,75,275,266.68,8.32,38.8,382,2,0,0,Active
CUST100173,Jaipur,Basic,42,398,25,373,364.7,8.3,44.5,465,4,0,0,Active
CUST102111,Jaipur,Basic,44,325,0,325,316.71,8.29,8.7,318,0,1,0,Active
CUST101689,Bhopal,Basic,13,332,25,307,298.74,8.26,4.3,456,1,1,0,Active
CUST100584,Mumbai,Basic,42,343,75,268,259.75,8.25,7.3,490,0,4,0,Active
CUST100023,Ahmedabad,Standard,20,495,0,495,486.78,8.22,5.8,598,3,2,0,Active
CUST100334,Mumbai,Standard,56,550,0,550,541.79,8.21,76.6,414,1,1,0,Active
CUST100722,Lucknow,Standard,38,588,50,538,529.8,8.2,1,330,0,1,0,Active
CUST101965,Jaipur,Standard,21,566,0,566,557.8,8.2,26.9,634,0,2,0,Active
CUST100612,Lucknow,Premium,12,904,50,854,845.81,8.19,82.3,363,1,1,0,Active
CUST100640,Jaipur,Basic,47,305,50,255,246.81,8.19,36.2,318,0,0,0,Active
CUST100903,Ahmedabad,Standard,49,573,0,573,564.82,8.18,14.2,584,0,1,0,Active
CUST100786,Bhopal,Premium,4,901,100,801,792.83,8.17,40.8,546,1,2,0,Churned
CUST100677,Bhopal,Standard,5,555,0,555,546.84,8.16,39.1,510,0,3,0,Active
CUST102099,Indore,Basic,46,438,0,438,429.85,8.15,32.1,610,1,5,0,Active
CUST102326,Delhi,Premium,55,1028,50,978,969.85,8.15,26.7,691,0,0,0,Active
CUST101118,Jaipur,Basic,1,422,0,422,413.86,8.14,28.3,534,4,2,0,Active
CUST101950,Ahmedabad,Standard,47,610,0,610,601.86,8.14,32.9,664,0,2,0,Active
CUST101091,Mumbai,Basic,25,369,75,294,285.88,8.12,37.3,245,0,0,0,Active
CUST102188,Mumbai,Basic,17,252,100,152,143.88,8.12,45.5,418,0,2,0,Active
CUST100454,Pune,Standard,40,638,0,638,629.91,8.09,47.4,198,2,2,0,Active
CUST102275,Mumbai,Standard,42,757,25,732,723.93,8.07,31.4,457,0,1,0,Active
CUST102343,Jaipur,Basic,10,375,0,375,366.94,8.06,50.5,586,1,0,0,Active
CUST100620,Mumbai,Basic,30,314,0,314,305.95,8.05,44.8,531,0,0,0,Active
CUST101095,Bhopal,Basic,36,408,25,383,374.95,8.05,57.9,419,1,2,1,Active
CUST101015,Lucknow,Basic,28,350,0,350,341.97,8.03,35.7,267,0,2,0,Active
CUST100556,Jaipur,Basic,37,319,0,319,310.99,8.01,32.1,535,2,3,0,Active
CUST101368,Ahmedabad,Premium,45,776,0,776,767.99,8.01,61.9,226,1,0,1,Active
CUST101669,Jaipur,Standard,41,628,25,603,594.99,8.01,1,696,1,1,0,Active
CUST101987,Indore,Basic,18,323,0,323,315,8,29.8,576,0,2,0,Active
CUST101666,Lucknow,Basic,45,347,100,247,239.02,7.98,41.2,521,1,1,1,Active
CUST100126,Bhopal,Standard,14,548,0,548,540.07,7.93,23.7,464,2,2,0,Active
CUST100065,Delhi,Standard,56,591,0,591,583.09,7.91,11,247,1,0,1,Churned
CUST100319,Lucknow,Standard,50,564,50,514,506.11,7.89,1.1,520,0,2,1,Active
CUST101661,Pune,Basic,41,279,0,279,271.11,7.89,26.1,264,0,0,0,Active
CUST101936,Delhi,Standard,4,612,25,587,579.12,7.88,64.1,279,0,4,0,Active
CUST102192,Delhi,Basic,36,392,25,367,359.13,7.87,42.1,469,2,4,0,Churned
CUST101042,Mumbai,Standard,29,573,75,498,490.15,7.85,11.4,200,1,0,0,Active
CUST101233,Jaipur,Basic,29,356,25,331,323.16,7.84,6,537,5,3,0,Active
CUST101128,Pune,Basic,17,285,0,285,277.17,7.83,29.2,353,1,0,0,Active
CUST101359,Delhi,Basic,2,302,75,227,219.17,7.83,54.1,592,0,2,0,Active
CUST101612,Jaipur,Basic,52,330,75,255,247.17,7.83,58.2,444,0,2,0,Active
CUST102440,Delhi,Basic,35,337,0,337,329.17,7.83,24.8,626,1,0,0,Active
CUST100211,Jaipur,Standard,14,532,75,457,449.19,7.81,29.2,567,3,2,0,Active
CUST101219,Mumbai,Basic,45,394,0,394,386.2,7.8,57.2,352,0,0,0,Active
CUST101176,Delhi,Basic,48,378,25,353,345.26,7.74,27.2,464,2,2,0,Active
CUST100034,Ahmedabad,Premium,14,943,100,843,835.27,7.73,53.9,582,0,2,0,Active
CUST100193,Delhi,Basic,44,435,25,410,402.27,7.73,39.6,581,2,1,0,Active
CUST101937,Pune,Premium,31,800,50,750,742.27,7.73,52.7,377,0,1,0,Active
CUST101988,Indore,Basic,34,356,0,356,348.3,7.7,44.8,416,1,1,0,Active
CUST101859,Jaipur,Premium,53,1071,100,971,963.31,7.69,56.9,699,1,1,0,Active
CUST100445,Jaipur,Standard,32,525,25,500,492.32,7.68,39.9,412,1,0,1,Churned
CUST101547,Lucknow,Basic,52,392,100,292,284.32,7.68,40.4,437,1,2,0,Churned
CUST100948,Ahmedabad,Basic,50,463,0,463,455.33,7.67,23.2,431,1,0,1,Active
CUST101130,Mumbai,Premium,27,930,0,930,922.33,7.67,68.1,328,2,1,0,Active
CUST101258,Pune,Standard,14,645,0,645,637.33,7.67,53.9,587,0,2,1,Active
CUST101336,Jaipur,Basic,18,336,100,236,228.34,7.66,26.1,351,0,1,0,Active
CUST102247,Indore,Standard,36,408,0,408,400.34,7.66,24,395,1,1,0,Active
CUST101206,Pune,Standard,36,685,0,685,677.35,7.65,8.5,344,1,0,0,Churned
CUST101283,Lucknow,Basic,46,352,0,352,344.37,7.63,68.4,411,2,1,0,Active
CUST100076,Delhi,Basic,56,442,0,442,434.39,7.61,17.4,395,1,1,0,Active
CUST100917,Lucknow,Standard,27,594,100,494,486.43,7.57,24,273,0,2,0,Active
CUST101764,Pune,Basic,38,302,100,202,194.43,7.57,32.2,487,0,2,0,Active
CUST102430,Indore,Standard,21,484,100,384,376.44,7.56,39.7,484,3,1,0,Active
CUST100355,Ahmedabad,Basic,50,321,100,221,213.45,7.55,54.5,444,0,3,0,Active
CUST102378,Ahmedabad,Standard,32,721,25,696,688.45,7.55,37.1,389,0,2,0,Active
CUST100353,Mumbai,Premium,33,980,50,930,922.47,7.53,28.2,374,1,1,0,Active
CUST101266,Bhopal,Basic,14,329,25,304,296.47,7.53,20.7,47,1,2,0,Active
CUST101873,Ahmedabad,Standard,18,643,50,593,585.47,7.53,20.6,404,0,0,1,Active
CUST101321,Delhi,Standard,23,502,75,427,419.48,7.52,9.3,514,4,1,1,Churned
CUST101541,Indore,Basic,6,347,0,347,339.48,7.52,19.5,428,1,2,0,Active
CUST100560,Pune,Basic,24,371,0,371,363.5,7.5,7,558,0,2,0,Active
CUST101180,Pune,Premium,54,942,50,892,884.5,7.5,50.7,306,0,0,0,Active
CUST101940,Indore,Basic,26,321,0,321,313.5,7.5,83.4,175,0,0,0,Active
CUST100700,Pune,Premium,27,910,0,910,902.51,7.49,58,543,0,2,1,Active
CUST100307,Pune,Standard,32,616,100,516,508.52,7.48,48.2,632,1,1,0,Active
CUST102328,Bhopal,Standard,53,585,25,560,552.52,7.48,38.8,368,3,2,0,Active
CUST101060,Lucknow,Premium,59,1097,25,1072,1064.55,7.45,65.4,351,0,1,0,Active
CUST101437,Jaipur,Standard,60,593,0,593,585.55,7.45,14.5,360,1,1,0,Active
CUST100436,Pune,Standard,12,406,0,406,398.57,7.43,42,409,0,1,0,Active
CUST100573,Bhopal,Standard,19,597,75,522,514.59,7.41,21.2,401,0,0,0,Active
CUST100099,Indore,Basic,17,400,0,400,392.61,7.39,50.2,475,2,0,0,Active
CUST100944,Indore,Standard,45,646,0,646,638.61,7.39,53.6,623,1,2,0,Active
CUST102462,Mumbai,Premium,47,760,75,685,677.62,7.38,55.4,83,0,1,0,Active
CUST100561,Bhopal,Standard,31,593,25,568,560.65,7.35,36,197,1,0,0,Active
CUST101653,Pune,Premium,50,1032,0,1032,1024.65,7.35,28.1,382,1,2,0,Active
CUST101008,Jaipur,Basic,1,438,100,338,330.66,7.34,62,291,2,3,0,Churned
CUST100058,Jaipur,Basic,7,274,50,224,216.67,7.33,24.8,573,2,0,0,Active
CUST101096,Lucknow,Premium,60,1003,75,928,920.69,7.31,39.7,473,1,0,0,Active
CUST101109,Bhopal,Basic,1,357,0,357,349.69,7.31,40.9,153,0,1,1,Active
CUST101159,Delhi,Premium,56,887,0,887,879.7,7.3,47.4,330,1,0,0,Active
CUST102128,Bhopal,Standard,40,586,0,586,578.7,7.3,28,466,0,1,0,Active
CUST102230,Jaipur,Standard,55,587,50,537,529.7,7.3,25.5,442,0,0,1,Active
CUST102354,Delhi,Premium,40,806,0,806,798.73,7.27,84.7,561,2,5,0,Churned
CUST100451,Ahmedabad,Premium,13,982,25,957,949.74,7.26,21.3,616,0,1,0,Active
CUST101322,Pune,Standard,39,514,50,464,456.8,7.2,10.2,615,0,2,0,Active
CUST101556,Ahmedabad,Basic,51,358,75,283,275.81,7.19,62.9,603,1,2,0,Active
CUST101924,Delhi,Standard,16,594,0,594,586.81,7.19,2.7,634,0,4,0,Active
CUST102255,Jaipur,Standard,41,636,50,586,578.81,7.19,45.3,341,0,3,0,Active
CUST100174,Jaipur,Basic,60,316,0,316,308.82,7.18,71.5,451,0,1,0,Churned
CUST100372,Mumbai,Premium,27,863,0,863,855.84,7.16,67.7,460,0,1,0,Active
CUST101595,Indore,Standard,16,521,0,521,513.86,7.14,42.2,559,0,0,1,Active
CUST101670,Lucknow,Premium,33,972,25,947,939.86,7.14,61.6,478,3,1,0,Active
CUST101085,Lucknow,Standard,5,649,0,649,641.88,7.12,34.4,244,0,0,0,Active
CUST100841,Jaipur,Premium,58,978,0,978,970.91,7.09,27.9,494,0,1,0,Active
CUST102428,Lucknow,Basic,13,267,25,242,234.93,7.07,48.5,493,1,2,0,Active
CUST100999,Pune,Basic,49,407,0,407,399.96,7.04,23.1,700,0,1,0,Active
CUST101593,Bhopal,Basic,59,356,25,331,323.97,7.03,41.6,381,2,0,0,Churned
CUST102292,Indore,Premium,4,733,75,658,650.97,7.03,37.2,351,0,1,0,Active
CUST101155,Pune,Basic,45,335,0,335,327.98,7.02,25.7,375,0,1,1,Churned
CUST100857,Bhopal,Premium,40,914,75,839,831.99,7.01,60.3,351,3,1,0,Active
CUST102183,Jaipur,Basic,26,377,50,327,320.01,6.99,2.6,364,3,1,0,Active
CUST100941,Mumbai,Standard,11,648,75,573,566.02,6.98,29.4,423,2,1,0,Active
CUST101795,Indore,Premium,13,885,50,835,828.05,6.95,43.3,365,3,1,0,Active
CUST102362,Ahmedabad,Standard,52,678,0,678,671.06,6.94,15.5,383,0,2,1,Active
CUST100105,Lucknow,Basic,19,284,25,259,252.08,6.92,13.4,367,3,1,0,Active
CUST101020,Bhopal,Standard,35,653,50,603,596.08,6.92,17.1,445,1,1,0,Active
CUST101852,Mumbai,Premium,3,875,75,800,793.09,6.91,39.9,272,0,3,0,Active
CUST102466,Delhi,Standard,48,651,50,601,594.09,6.91,36.2,398,0,1,1,Active
CUST101212,Mumbai,Basic,52,291,0,291,284.12,6.88,35.7,120,0,1,0,Active
CUST100710,Jaipur,Standard,41,571,25,546,539.15,6.85,45.7,415,1,0,0,Active
CUST100966,Pune,Basic,24,382,0,382,375.2,6.8,35,214,0,1,0,Churned
CUST102318,Lucknow,Premium,28,856,25,831,824.2,6.8,56.1,468,0,1,0,Active
CUST101765,Ahmedabad,Standard,20,675,0,675,668.21,6.79,37.3,529,2,3,1,Active
CUST100215,Delhi,Standard,27,596,0,596,589.22,6.78,32.1,453,1,1,0,Active
CUST100476,Lucknow,Basic,4,388,25,363,356.23,6.77,57.3,294,1,1,0,Churned
CUST102208,Indore,Basic,52,320,25,295,288.23,6.77,24.9,610,1,1,0,Active
CUST101959,Indore,Basic,25,411,100,311,304.24,6.76,38.6,724,1,1,0,Active
CUST100108,Mumbai,Standard,17,666,100,566,559.26,6.74,12.3,715,0,4,0,Churned
CUST101710,Delhi,Standard,45,489,0,489,482.31,6.69,68.8,431,1,0,0,Active
CUST102282,Delhi,Standard,60,608,100,508,501.34,6.66,32.6,612,1,0,1,Active
CUST101564,Pune,Basic,37,345,50,295,288.37,6.63,14.7,306,2,0,1,Churned
CUST101691,Ahmedabad,Basic,59,317,50,267,260.37,6.63,72.4,744,0,1,0,Active
CUST101565,Mumbai,Standard,40,538,25,513,506.39,6.61,11.6,297,0,1,0,Active
CUST101226,Bhopal,Basic,54,357,25,332,325.4,6.6,31.6,676,1,1,1,Active
CUST101630,Pune,Basic,34,367,0,367,360.41,6.59,27.4,374,0,1,0,Churned
CUST101237,Bhopal,Premium,9,951,0,951,944.42,6.58,31.4,394,1,1,1,Churned
CUST100060,Ahmedabad,Basic,40,306,25,281,274.43,6.57,62.4,10,0,1,0,Active
CUST101301,Mumbai,Standard,48,610,50,560,553.43,6.57,56.6,144,1,2,0,Active
CUST100046,Mumbai,Basic,40,400,0,400,393.44,6.56,38.1,669,1,0,0,Active
CUST101132,Lucknow,Basic,27,381,0,381,374.44,6.56,26.5,352,2,0,0,Active
CUST101494,Mumbai,Basic,2,355,0,355,348.44,6.56,44.2,577,1,2,1,Active
CUST102234,Pune,Standard,24,709,25,684,677.44,6.56,18,369,1,0,1,Active
CUST101264,Indore,Basic,18,347,0,347,340.45,6.55,26.2,349,0,3,0,Active
CUST100873,Bhopal,Basic,7,399,75,324,317.46,6.54,22.7,185,3,0,0,Active
CUST101609,Indore,Standard,16,529,0,529,522.48,6.52,16.4,598,1,1,0,Active
CUST100619,Indore,Premium,49,1110,50,1060,1053.5,6.5,51.4,368,2,1,0,Active
CUST101517,Bhopal,Standard,46,661,50,611,604.51,6.49,34,595,1,2,0,Active
CUST102313,Bhopal,Basic,53,395,50,345,338.51,6.49,50.1,341,0,2,0,Active
CUST101566,Ahmedabad,Basic,52,426,0,426,419.53,6.47,33.1,346,1,3,0,Active
CUST100197,Bhopal,Standard,15,592,75,517,510.55,6.45,63.4,417,0,1,0,Active
CUST101045,Indore,Basic,49,292,0,292,285.55,6.45,49.5,399,0,0,0,Active
CUST100498,Ahmedabad,Standard,8,635,25,610,603.58,6.42,58,316,1,2,1,Churned
CUST101199,Pune,Standard,50,714,0,714,707.58,6.42,24.8,205,2,1,1,Active
CUST100778,Delhi,Standard,11,477,0,477,470.6,6.4,26.2,233,1,0,0,Active
CUST102046,Mumbai,Standard,2,740,75,665,658.62,6.38,1,735,1,0,0,Active
CUST100163,Mumbai,Premium,38,949,25,924,917.64,6.36,54.6,168,2,0,0,Active
CUST101153,Ahmedabad,Premium,4,977,0,977,970.64,6.36,53.5,479,0,1,0,Churned
CUST100530,Pune,Basic,16,372,50,322,315.65,6.35,18.5,328,0,1,0,Active
CUST102075,Mumbai,Premium,45,956,0,956,949.65,6.35,53.6,595,0,2,0,Active
CUST101450,Delhi,Standard,7,647,0,647,640.66,6.34,33.8,572,2,2,0,Active
CUST101724,Pune,Standard,5,610,0,610,603.66,6.34,39.3,324,2,1,1,Active
CUST102040,Delhi,Basic,3,290,75,215,208.66,6.34,17.6,545,0,2,0,Active
CUST100149,Bhopal,Basic,44,386,0,386,379.67,6.33,43.2,357,1,1,0,Active
CUST102073,Delhi,Premium,20,940,0,940,933.67,6.33,57.4,495,1,1,1,Churned
CUST102149,Lucknow,Standard,25,613,25,588,581.67,6.33,50.2,597,0,3,0,Active
CUST102232,Ahmedabad,Premium,36,781,75,706,699.67,6.33,73.3,668,0,1,0,Active
CUST100102,Lucknow,Basic,17,358,50,308,301.7,6.3,15.5,479,2,4,0,Active
CUST100586,Jaipur,Basic,41,371,0,371,364.7,6.3,21.4,227,1,2,0,Active
CUST101324,Lucknow,Standard,43,683,50,633,626.71,6.29,17.3,625,0,3,0,Active
CUST100326,Indore,Standard,18,570,100,470,463.72,6.28,64.2,326,0,2,0,Active
CUST100882,Mumbai,Premium,25,911,25,886,879.72,6.28,45.5,421,0,2,0,Active
CUST100890,Bhopal,Premium,60,934,0,934,927.72,6.28,56.9,482,0,1,0,Active
CUST100579,Bhopal,Standard,50,646,0,646,639.73,6.27,32.3,493,2,0,0,Active
CUST101208,Delhi,Basic,30,381,75,306,299.73,6.27,55.4,549,0,2,0,Active
CUST101923,Mumbai,Premium,15,834,25,809,802.8,6.2,69.3,430,0,0,1,Active
CUST100276,Mumbai,Basic,50,310,50,260,253.82,6.18,30.9,563,2,3,0,Churned
CUST100897,Bhopal,Premium,11,850,50,800,793.82,6.18,45.6,284,3,2,0,Churned
CUST101916,Delhi,Basic,27,435,0,435,428.82,6.18,20.7,380,1,1,1,Active
CUST102194,Jaipur,Premium,8,945,50,895,888.82,6.18,32.2,361,3,0,0,Churned
CUST102334,Pune,Premium,8,911,0,911,904.82,6.18,23.5,524,1,1,0,Active
CUST102415,Mumbai,Basic,15,310,0,310,303.82,6.18,32.5,378,3,2,0,Active
CUST101898,Jaipur,Premium,54,885,25,860,853.83,6.17,60,632,0,3,0,Active
CUST101140,Ahmedabad,Standard,36,627,100,527,520.84,6.16,63.1,573,1,1,1,Active
CUST100984,Pune,Standard,9,563,0,563,556.86,6.14,38.1,494,0,2,0,Active
CUST100272,Indore,Premium,35,1001,25,976,969.92,6.08,34.5,477,0,0,1,Active
CUST100376,Jaipur,Basic,25,292,50,242,235.93,6.07,24,454,2,1,1,Churned
CUST100406,Mumbai,Basic,46,366,0,366,359.93,6.07,9.5,365,0,4,0,Active
CUST101006,Lucknow,Premium,28,875,75,800,793.94,6.06,64.9,451,0,4,0,Active
CUST102375,Ahmedabad,Standard,44,513,0,513,506.94,6.06,18.5,465,2,1,0,Active
CUST101166,Bhopal,Basic,53,346,50,296,289.95,6.05,33.8,334,2,1,0,Active
CUST101387,Delhi,Basic,55,368,0,368,361.95,6.05,43.9,462,0,0,0,Active
CUST102356,Mumbai,Basic,20,402,25,377,370.96,6.04,20.6,290,1,0,0,Active
CUST100241,Pune,Premium,23,798,25,773,766.97,6.03,65.6,397,0,1,0,Active
CUST100378,Mumbai,Basic,48,293,0,293,286.97,6.03,14.5,615,2,0,0,Active
CUST102297,Mumbai,Premium,54,844,50,794,787.98,6.02,61.9,439,1,0,0,Active
CUST100614,Jaipur,Standard,19,500,0,500,494,6,55.6,242,0,1,0,Active
CUST102152,Lucknow,Standard,51,491,50,441,435,6,63.5,395,1,0,0,Churned
CUST102180,Jaipur,Standard,1,415,75,340,334.01,5.99,6.1,801,2,0,0,Churned
CUST101879,Bhopal,Premium,44,881,75,806,800.02,5.98,84.2,795,0,0,0,Active
CUST101964,Lucknow,Basic,8,346,25,321,315.02,5.98,42.4,747,1,1,0,Active
CUST101013,Delhi,Basic,2,439,0,439,433.03,5.97,28.4,266,1,0,0,Active
CUST102116,Ahmedabad,Standard,28,648,50,598,592.03,5.97,52.5,402,0,1,0,Active
CUST102358,Jaipur,Basic,22,351,0,351,345.03,5.97,33.5,331,1,0,0,Active
CUST101926,Delhi,Premium,27,900,0,900,894.05,5.95,37.3,605,2,1,0,Active
CUST101596,Jaipur,Basic,8,310,0,310,304.06,5.94,1,701,1,0,0,Active
CUST102158,Lucknow,Standard,48,644,0,644,638.06,5.94,47.8,212,0,2,0,Active
CUST100391,Indore,Basic,53,388,50,338,332.07,5.93,55.9,233,0,1,1,Active
CUST101311,Delhi,Standard,36,533,0,533,527.09,5.91,33.9,313,1,4,0,Active
CUST101444,Indore,Premium,2,1076,25,1051,1045.1,5.9,81.8,468,1,1,1,Active
CUST102025,Mumbai,Premium,56,889,25,864,858.12,5.88,51.8,197,1,3,0,Active
CUST102320,Bhopal,Standard,48,719,100,619,613.12,5.88,49.2,267,1,1,0,Active
CUST100836,Lucknow,Basic,24,338,0,338,332.13,5.87,53.8,493,1,2,1,Active
CUST100141,Indore,Premium,47,875,0,875,869.15,5.85,26.2,202,0,0,0,Active
CUST100298,Delhi,Basic,33,412,0,412,406.15,5.85,4.8,384,0,1,0,Active
CUST101036,Ahmedabad,Premium,34,778,50,728,722.15,5.85,41,73,1,2,0,Active
CUST101200,Ahmedabad,Standard,34,716,0,716,710.15,5.85,18.5,393,2,2,0,Active
CUST100832,Mumbai,Standard,43,588,75,513,507.16,5.84,26.8,617,1,0,1,Active
CUST100260,Lucknow,Basic,22,370,50,320,314.17,5.83,27.5,263,2,1,0,Active
CUST100404,Mumbai,Premium,38,858,50,808,802.17,5.83,48.4,372,0,3,0,Active
CUST100861,Ahmedabad,Standard,44,516,50,466,460.18,5.82,28.8,330,1,2,1,Active
CUST101285,Bhopal,Standard,32,641,50,591,585.18,5.82,53.3,502,0,0,0,Active
CUST101611,Indore,Standard,45,651,0,651,645.18,5.82,46.5,752,2,2,0,Active
CUST101687,Mumbai,Basic,13,402,75,327,321.18,5.82,40.6,435,2,2,0,Active
CUST100190,Jaipur,Basic,54,404,0,404,398.19,5.81,30.1,699,1,1,0,Active
CUST101191,Delhi,Basic,57,300,0,300,294.2,5.8,38.1,436,1,0,0,Active
CUST101680,Ahmedabad,Standard,52,644,0,644,638.21,5.79,48.3,437,1,0,1,Active
CUST101629,Indore,Basic,10,320,50,270,264.22,5.78,42.9,512,3,1,1,Churned
CUST100606,Delhi,Basic,30,385,0,385,379.26,5.74,10,538,1,1,0,Active
CUST102371,Lucknow,Basic,10,305,25,280,274.27,5.73,38.7,361,0,0,0,Active
CUST100199,Ahmedabad,Basic,17,387,0,387,381.29,5.71,44.9,174,0,0,0,Active
CUST100401,Lucknow,Basic,26,280,0,280,274.3,5.7,51.1,317,1,2,0,Churned
CUST101482,Delhi,Standard,53,631,50,581,575.3,5.7,45.8,558,1,0,1,Active
CUST101991,Mumbai,Standard,3,651,0,651,645.3,5.7,7.6,246,1,1,0,Active
CUST100413,Indore,Basic,60,364,25,339,333.31,5.69,43.5,402,1,2,0,Active
CUST100510,Ahmedabad,Basic,35,337,0,337,331.31,5.69,69.5,530,1,0,0,Active
CUST101820,Delhi,Basic,18,392,75,317,311.31,5.69,43.8,413,0,0,0,Active
CUST100073,Indore,Standard,58,652,100,552,546.33,5.67,31.7,363,1,0,0,Active
CUST100949,Delhi,Standard,14,545,50,495,489.33,5.67,29,510,1,2,0,Active
CUST100437,Ahmedabad,Standard,26,644,0,644,638.34,5.66,39.6,463,1,2,0,Active
CUST101291,Lucknow,Standard,27,652,100,552,546.34,5.66,59.9,400,1,1,0,Active
CUST102312,Pune,Premium,21,941,0,941,935.35,5.65,51.3,89,0,3,1,Active
CUST100723,Bhopal,Basic,50,377,50,327,321.36,5.64,31,554,1,6,0,Churned
CUST101065,Mumbai,Basic,37,404,75,329,323.36,5.64,75.4,376,0,1,0,Active
CUST100035,Bhopal,Premium,21,942,25,917,911.38,5.62,34.6,473,1,0,0,Active
CUST101755,Delhi,Standard,20,528,50,478,472.38,5.62,40.7,412,2,0,0,Active
CUST100801,Delhi,Basic,15,325,0,325,319.41,5.59,20.9,481,0,1,0,Active
CUST101428,Delhi,Standard,40,581,25,556,550.41,5.59,25.2,625,0,1,1,Active
CUST100069,Mumbai,Premium,32,1016,75,941,935.42,5.58,59.1,331,2,0,0,Churned
CUST100458,Lucknow,Premium,59,940,0,940,934.42,5.58,55.1,364,1,3,0,Churned
CUST101010,Delhi,Standard,41,692,75,617,611.42,5.58,20.1,172,0,0,0,Active
CUST101149,Lucknow,Standard,13,585,25,560,554.43,5.57,44.6,678,1,3,1,Active
CUST101860,Jaipur,Basic,44,304,25,279,273.44,5.56,23.4,618,1,3,0,Churned
CUST101484,Mumbai,Basic,13,351,0,351,345.45,5.55,51,328,2,0,0,Active
CUST101543,Pune,Premium,25,1052,0,1052,1046.47,5.53,61.5,466,0,0,0,Active
CUST102395,Jaipur,Standard,47,584,0,584,578.47,5.53,27.9,253,0,3,1,Churned
CUST102418,Delhi,Basic,41,338,50,288,282.48,5.52,36.3,490,0,0,0,Active
CUST100438,Bhopal,Standard,5,526,0,526,520.5,5.5,23.2,431,0,2,0,Active
CUST101419,Mumbai,Standard,50,631,50,581,575.5,5.5,90.8,354,1,0,0,Active
CUST101628,Mumbai,Standard,6,555,25,530,524.5,5.5,48.8,718,3,2,0,Churned
CUST102021,Jaipur,Standard,31,540,0,540,534.5,5.5,61.4,601,2,2,0,Active
CUST100303,Ahmedabad,Basic,49,346,0,346,340.52,5.48,42.5,645,1,1,0,Active
CUST102049,Jaipur,Basic,1,315,0,315,309.52,5.48,18.9,397,2,1,0,Active
CUST101528,Bhopal,Basic,36,338,0,338,332.53,5.47,26,281,0,2,0,Active
CUST102090,Ahmedabad,Basic,14,398,100,298,292.54,5.46,70,195,0,0,1,Churned
CUST100262,Delhi,Standard,32,659,0,659,653.55,5.45,15.7,422,1,1,0,Active
CUST101197,Ahmedabad,Basic,32,441,0,441,435.57,5.43,25,348,1,1,1,Active
CUST101198,Lucknow,Standard,27,601,75,526,520.57,5.43,41.3,131,2,1,0,Active
CUST100638,Lucknow,Premium,53,929,75,854,848.58,5.42,41.8,285,0,0,1,Active
CUST101351,Mumbai,Standard,23,646,0,646,640.59,5.41,36.5,859,0,0,0,Active
CUST100237,Mumbai,Standard,38,692,100,592,586.6,5.4,64.2,481,2,1,0,Active
CUST102103,Indore,Basic,13,329,75,254,248.6,5.4,21.6,387,1,1,0,Active
CUST100660,Indore,Basic,11,294,25,269,263.61,5.39,75.7,549,2,3,1,Churned
CUST101308,Mumbai,Standard,47,560,0,560,554.61,5.39,56.6,364,1,0,0,Active
CUST101707,Ahmedabad,Basic,40,387,0,387,381.62,5.38,37.4,306,0,2,0,Active
CUST101822,Delhi,Premium,50,1061,50,1011,1005.62,5.38,42.8,602,0,0,1,Active
CUST100970,Delhi,Basic,34,347,50,297,291.65,5.35,1,525,0,4,0,Active
CUST100955,Pune,Standard,11,688,25,663,657.67,5.33,66.1,533,0,2,0,Active
CUST101080,Ahmedabad,Standard,12,626,0,626,620.7,5.3,16.6,354,1,2,0,Churned
CUST102204,Mumbai,Premium,5,774,0,774,768.7,5.3,73.1,442,2,2,0,Churned
CUST101077,Indore,Basic,60,308,100,208,202.71,5.29,25.2,520,1,1,0,Active
CUST100184,Mumbai,Basic,31,339,50,289,283.72,5.28,36.2,624,0,4,0,Churned
CUST100374,Ahmedabad,Basic,18,416,50,366,360.72,5.28,29.1,438,1,1,0,Active
CUST100973,Mumbai,Basic,24,378,100,278,272.72,5.28,14.3,406,1,2,0,Active
CUST100652,Indore,Premium,27,858,0,858,852.73,5.27,47.5,482,1,0,0,Active
CUST100236,Jaipur,Premium,10,828,0,828,822.74,5.26,53.6,447,0,0,0,Active
CUST101534,Lucknow,Basic,52,335,25,310,304.74,5.26,81.6,382,1,1,0,Active
CUST102387,Ahmedabad,Basic,60,325,0,325,319.76,5.24,51.8,555,1,1,0,Active
CUST101377,Lucknow,Basic,18,297,0,297,291.77,5.23,42.9,663,2,1,0,Active
CUST101469,Bhopal,Standard,52,626,0,626,620.78,5.22,25.1,461,1,0,0,Active
CUST102056,Jaipur,Basic,46,329,0,329,323.78,5.22,34.1,484,0,0,0,Active
CUST101489,Pune,Standard,17,563,50,513,507.79,5.21,40.1,475,1,1,1,Active
CUST102477,Indore,Basic,56,356,0,356,350.79,5.21,30.7,397,0,1,0,Active
CUST100362,Indore,Standard,48,639,100,539,533.8,5.2,58.1,457,0,2,0,Active
CUST100937,Indore,Standard,59,633,50,583,577.8,5.2,38,217,1,0,0,Active
CUST100337,Delhi,Standard,40,690,75,615,609.84,5.16,18.8,382,1,2,0,Active
CUST101729,Bhopal,Premium,20,957,0,957,951.84,5.16,49,568,3,3,0,Active
CUST100945,Bhopal,Premium,21,951,75,876,870.86,5.14,52.9,494,2,1,0,Churned
CUST100245,Bhopal,Standard,7,541,0,541,535.9,5.1,65.9,221,0,2,0,Active
CUST101218,Lucknow,Standard,38,637,50,587,581.9,5.1,42.9,637,1,0,0,Active
CUST101809,Ahmedabad,Basic,26,416,0,416,410.91,5.09,22,674,2,0,0,Active
CUST100386,Bhopal,Basic,20,344,0,344,338.92,5.08,41,395,0,0,0,Active
CUST100989,Lucknow,Standard,44,620,0,620,614.92,5.08,59.9,344,2,0,0,Active
CUST101113,Delhi,Premium,34,746,50,696,690.92,5.08,64.8,289,3,1,0,Active
CUST101735,Lucknow,Basic,33,425,75,350,344.93,5.07,35.9,112,2,0,0,Active
CUST100252,Indore,Basic,13,350,0,350,344.94,5.06,68.6,590,0,2,0,Active
CUST102332,Delhi,Basic,23,298,0,298,292.94,5.06,24.9,404,1,2,0,Active
CUST102409,Bhopal,Basic,14,322,0,322,316.95,5.05,63.8,442,1,2,1,Active
CUST102150,Delhi,Basic,18,372,0,372,366.98,5.02,45.6,610,1,0,0,Active
CUST101242,Ahmedabad,Basic,53,394,25,369,364.04,4.96,43.1,619,0,2,0,Active
CUST100750,Ahmedabad,Premium,37,1004,0,1004,999.05,4.95,54.7,560,1,1,0,Active
CUST101238,Delhi,Basic,43,298,50,248,243.05,4.95,26,340,1,0,0,Churned
CUST100152,Ahmedabad,Premium,18,959,50,909,904.06,4.94,61,295,2,2,0,Churned
CUST102493,Pune,Standard,11,647,50,597,592.09,4.91,8.8,423,0,3,0,Active
CUST101034,Bhopal,Basic,30,342,0,342,337.1,4.9,21.4,410,1,0,0,Active
CUST101921,Pune,Standard,48,591,0,591,586.1,4.9,18.9,562,0,2,0,Active
CUST102097,Lucknow,Standard,51,508,0,508,503.1,4.9,44.6,458,0,1,1,Active
CUST100664,Pune,Basic,18,295,0,295,290.11,4.89,22.8,493,1,0,0,Churned
CUST101220,Jaipur,Standard,43,579,25,554,549.11,4.89,64.9,534,1,1,0,Active
CUST101862,Lucknow,Standard,57,642,0,642,637.11,4.89,62.6,641,1,1,0,Active
CUST101315,Delhi,Basic,23,328,0,328,323.13,4.87,68.2,336,2,4,0,Active
CUST102327,Indore,Basic,57,407,0,407,402.14,4.86,47.3,569,0,0,0,Active
CUST100483,Lucknow,Basic,26,436,0,436,431.15,4.85,1,399,0,0,0,Active
CUST101768,Bhopal,Basic,43,353,50,303,298.15,4.85,2.4,623,0,0,1,Active
CUST101049,Bhopal,Standard,13,720,75,645,640.16,4.84,65.8,352,0,2,0,Active
CUST100254,Jaipur,Premium,10,785,25,760,755.17,4.83,93.1,241,1,1,0,Active
CUST102421,Lucknow,Standard,10,598,0,598,593.19,4.81,42.6,925,0,0,0,Active
CUST101874,Mumbai,Basic,17,376,0,376,371.2,4.8,14.8,494,1,3,0,Active
CUST100347,Ahmedabad,Basic,56,351,25,326,321.22,4.78,70.2,282,2,2,0,Active
CUST100749,Indore,Standard,60,659,0,659,654.26,4.74,15.9,535,0,0,0,Active
CUST101931,Mumbai,Basic,12,365,0,365,360.26,4.74,31.2,390,0,2,0,Active
CUST102384,Indore,Standard,15,676,25,651,646.26,4.74,47.8,353,2,2,0,Active
CUST102408,Mumbai,Premium,38,663,0,663,658.27,4.73,41.3,485,0,1,0,Active
CUST100293,Delhi,Basic,19,330,25,305,300.28,4.72,40.7,540,0,1,0,Active
CUST101117,Pune,Basic,57,359,50,309,304.28,4.72,44.5,653,0,2,0,Active
CUST100370,Delhi,Basic,5,310,100,210,205.3,4.7,2.3,303,1,1,0,Active
CUST101088,Jaipur,Standard,32,517,0,517,512.32,4.68,37.3,702,0,3,0,Active
CUST101726,Ahmedabad,Standard,44,628,100,528,523.36,4.64,3.6,380,0,0,1,Active
CUST101115,Mumbai,Standard,21,570,0,570,565.37,4.63,28.9,68,3,2,0,Active
CUST101567,Pune,Standard,29,443,0,443,438.37,4.63,29,494,1,0,0,Active
CUST101761,Mumbai,Premium,17,941,75,866,861.37,4.63,68.9,386,0,0,0,Active
CUST100604,Lucknow,Premium,11,820,0,820,815.39,4.61,51.7,543,0,1,0,Active
CUST102265,Bhopal,Standard,37,654,0,654,649.39,4.61,16.7,352,0,2,0,Active
CUST100422,Lucknow,Standard,32,667,75,592,587.4,4.6,59.1,527,0,0,0,Active
CUST100576,Ahmedabad,Standard,32,482,0,482,477.4,4.6,15.3,561,1,0,0,Active
CUST102449,Indore,Standard,35,499,0,499,494.4,4.6,34.8,229,0,1,0,Active
CUST100929,Pune,Premium,35,823,0,823,818.41,4.59,70.1,277,0,2,0,Active
CUST100705,Pune,Premium,34,1031,0,1031,1026.44,4.56,27.7,358,1,1,1,Active
CUST100026,Mumbai,Basic,19,405,0,405,400.46,4.54,33.2,345,0,1,1,Active
CUST100367,Delhi,Standard,3,659,0,659,654.47,4.53,32.8,510,1,0,1,Active
CUST100594,Delhi,Basic,21,332,0,332,327.47,4.53,1,257,1,1,1,Active
CUST101143,Lucknow,Basic,34,342,50,292,287.47,4.53,34.6,182,1,3,0,Active
CUST101925,Indore,Basic,37,379,100,279,274.47,4.53,3.1,216,2,1,1,Active
CUST102221,Indore,Standard,31,596,25,571,566.47,4.53,34.8,450,1,0,0,Active
CUST101466,Jaipur,Standard,43,676,0,676,671.48,4.52,51.8,185,1,2,0,Active
CUST101913,Lucknow,Standard,6,481,0,481,476.5,4.5,42.2,463,1,1,0,Active
CUST102048,Lucknow,Standard,57,598,50,548,543.52,4.48,21.6,423,1,4,0,Active
CUST100091,Lucknow,Premium,40,1025,0,1025,1020.55,4.45,46.6,384,0,0,0,Active
CUST101002,Pune,Basic,17,333,0,333,328.55,4.45,1,453,0,0,0,Churned
CUST101903,Indore,Basic,27,297,25,272,267.56,4.44,21.3,692,1,3,0,Active
CUST100794,Mumbai,Premium,6,969,50,919,914.57,4.43,40.2,623,1,1,0,Active
CUST102167,Lucknow,Standard,45,671,75,596,591.57,4.43,49.3,398,1,1,0,Active
CUST100914,Pune,Premium,41,905,0,905,900.58,4.42,74.4,492,0,4,1,Churned
CUST100383,Indore,Standard,12,559,50,509,504.59,4.41,28.7,161,1,0,0,Active
CUST102422,Bhopal,Basic,43,322,0,322,317.59,4.41,8.9,601,1,2,0,Active
CUST101845,Pune,Basic,3,370,0,370,365.6,4.4,1,206,0,2,0,Active
CUST100111,Lucknow,Basic,10,279,100,179,174.62,4.38,73.4,587,0,0,0,Active
CUST100670,Ahmedabad,Standard,53,669,25,644,639.62,4.38,48.9,170,1,1,0,Active
CUST100867,Lucknow,Basic,30,267,50,217,212.62,4.38,39.1,733,0,1,0,Active
CUST101131,Jaipur,Basic,38,275,75,200,195.63,4.37,24.5,168,0,1,0,Active
CUST102024,Bhopal,Standard,29,645,0,645,640.65,4.35,42.1,388,0,5,0,Active
CUST100047,Ahmedabad,Basic,50,403,0,403,398.66,4.34,15.9,142,1,2,0,Active
CUST102231,Bhopal,Standard,7,506,0,506,501.66,4.34,30,399,1,3,0,Active
CUST100704,Indore,Premium,27,1052,0,1052,1047.67,4.33,89.3,307,1,0,0,Active
CUST100956,Mumbai,Standard,58,593,0,593,588.72,4.28,1,555,1,1,0,Active
CUST102471,Bhopal,Standard,20,623,50,573,568.72,4.28,34.7,351,1,0,0,Active
CUST100267,Delhi,Premium,28,879,0,879,874.75,4.25,61.4,403,0,0,0,Active
CUST100053,Mumbai,Basic,43,427,75,352,347.76,4.24,50.4,289,1,1,0,Active
CUST100148,Lucknow,Standard,33,628,50,578,573.76,4.24,39.6,246,0,0,0,Active
CUST102122,Pune,Premium,13,905,25,880,875.77,4.23,32.3,538,0,2,0,Active
CUST102175,Lucknow,Standard,1,570,0,570,565.78,4.22,75,374,0,3,0,Active
CUST100459,Bhopal,Basic,40,363,100,263,258.79,4.21,24.8,28,1,1,0,Active
CUST101910,Bhopal,Premium,51,812,0,812,807.83,4.17,53.9,402,4,0,0,Active
CUST101675,Ahmedabad,Standard,55,631,0,631,626.84,4.16,43.6,503,0,4,0,Active
CUST101917,Mumbai,Basic,11,333,50,283,278.84,4.16,25.5,524,0,2,1,Active
CUST100206,Lucknow,Basic,51,408,50,358,353.85,4.15,77.5,482,2,1,0,Active
CUST100587,Bhopal,Standard,56,586,0,586,581.86,4.14,50.4,311,0,1,0,Active
CUST101695,Jaipur,Basic,11,328,50,278,273.87,4.13,17.9,569,1,0,0,Active
CUST100534,Pune,Basic,49,391,0,391,386.9,4.1,24.5,261,0,0,0,Active
CUST100266,Mumbai,Basic,53,354,25,329,324.93,4.07,29.1,414,2,0,0,Active
CUST101299,Bhopal,Basic,47,232,50,182,177.94,4.06,36.8,321,0,1,0,Active
CUST102393,Indore,Basic,36,283,50,233,228.94,4.06,25,542,2,2,0,Active
CUST102469,Indore,Standard,19,527,25,502,497.95,4.05,28.6,648,1,0,1,Active
CUST100310,Jaipur,Premium,31,898,0,898,893.96,4.04,40.3,382,1,0,0,Active
CUST101023,Lucknow,Premium,54,819,100,719,714.96,4.04,62.7,308,1,3,0,Active
CUST101410,Bhopal,Premium,15,736,50,686,681.96,4.04,37.1,254,1,2,0,Active
CUST101495,Mumbai,Standard,30,591,100,491,486.98,4.02,36,386,1,1,1,Churned
CUST100038,Delhi,Standard,18,546,50,496,491.99,4.01,61.1,466,2,1,0,Active
CUST100835,Lucknow,Basic,25,281,50,231,227.02,3.98,63.4,428,0,4,0,Active
CUST100765,Lucknow,Standard,26,509,0,509,505.03,3.97,18.2,405,0,1,0,Active
CUST100264,Ahmedabad,Premium,29,855,50,805,801.07,3.93,51.1,629,0,0,0,Active
CUST101672,Delhi,Basic,5,300,0,300,296.07,3.93,25.7,484,1,2,0,Churned
CUST102205,Lucknow,Standard,49,639,100,539,535.07,3.93,41.7,361,0,3,0,Active
CUST101467,Mumbai,Premium,15,809,25,784,780.08,3.92,69.5,198,3,1,0,Churned
CUST100964,Ahmedabad,Premium,29,817,50,767,763.09,3.91,28.3,708,0,2,0,Active
CUST100479,Bhopal,Basic,60,330,25,305,301.1,3.9,23.5,79,2,0,0,Churned
CUST100977,Pune,Basic,33,384,0,384,380.11,3.89,30.7,526,1,1,0,Active
CUST100831,Indore,Basic,15,388,25,363,359.13,3.87,47.6,312,0,3,0,Active
CUST100036,Lucknow,Basic,14,354,25,329,325.16,3.84,4,322,0,0,0,Active
CUST100720,Indore,Basic,19,334,0,334,330.2,3.8,34.3,366,1,0,0,Active
CUST100332,Delhi,Basic,25,382,0,382,378.24,3.76,22.2,385,1,1,0,Active
CUST100991,Pune,Basic,16,357,50,307,303.24,3.76,19.8,439,0,0,0,Active
CUST101826,Bhopal,Basic,10,349,0,349,345.24,3.76,47.2,375,1,0,0,Active
CUST102178,Jaipur,Premium,50,881,25,856,852.24,3.76,88.7,10,1,0,1,Active
CUST100063,Ahmedabad,Basic,51,337,50,287,283.25,3.75,66.2,315,1,2,0,Active
CUST100117,Indore,Basic,57,334,25,309,305.25,3.75,26.9,419,1,0,0,Active
CUST100144,Ahmedabad,Premium,7,844,0,844,840.25,3.75,69.3,385,0,2,1,Active
CUST101365,Bhopal,Standard,50,544,25,519,515.25,3.75,68.3,820,2,1,0,Active
CUST102059,Mumbai,Basic,40,340,25,315,311.25,3.75,37.4,488,0,0,0,Active
CUST100814,Lucknow,Standard,3,560,0,560,556.26,3.74,34.1,739,0,2,0,Active
CUST100971,Mumbai,Standard,11,616,0,616,612.27,3.73,52.1,436,0,2,0,Active
CUST100017,Indore,Premium,56,886,0,886,882.28,3.72,28,470,0,2,1,Active
CUST101960,Lucknow,Basic,10,344,100,244,240.28,3.72,61.2,180,2,1,0,Active
CUST100356,Indore,Premium,6,818,75,743,739.29,3.71,26.9,470,0,1,0,Active
CUST100537,Bhopal,Standard,6,552,0,552,548.29,3.71,28.1,654,2,0,0,Active
CUST100909,Bhopal,Basic,45,316,0,316,312.29,3.71,41.7,293,0,0,0,Active
CUST101635,Pune,Basic,3,262,0,262,258.3,3.7,39.3,423,0,0,0,Active
CUST100059,Jaipur,Premium,58,879,0,879,875.31,3.69,44.8,278,0,0,0,Active
CUST101576,Pune,Standard,43,482,0,482,478.31,3.69,35.2,254,0,0,0,Active
CUST102052,Delhi,Basic,30,386,100,286,282.32,3.68,32.7,443,0,3,1,Active
CUST102240,Indore,Standard,21,621,0,621,617.32,3.68,31.4,307,2,3,0,Churned
CUST101102,Ahmedabad,Basic,16,416,75,341,337.33,3.67,45.5,456,1,2,0,Active
CUST100702,Indore,Standard,36,530,0,530,526.34,3.66,30.2,648,0,3,0,Active
CUST101388,Ahmedabad,Premium,34,738,50,688,684.34,3.66,75.8,612,2,0,0,Active
CUST101604,Bhopal,Standard,15,613,0,613,609.34,3.66,9.5,431,1,1,0,Active
CUST100485,Indore,Standard,5,513,25,488,484.38,3.62,70.7,296,1,2,0,Active
CUST101335,Ahmedabad,Standard,1,547,50,497,493.38,3.62,21.3,672,1,1,1,Active
CUST101507,Mumbai,Standard,28,588,50,538,534.39,3.61,41.4,480,0,3,0,Churned
CUST100456,Indore,Basic,42,301,75,226,222.41,3.59,34,293,2,0,0,Active
CUST102261,Ahmedabad,Standard,9,600,0,600,596.41,3.59,66.8,526,0,0,0,Active
CUST100675,Jaipur,Basic,38,341,25,316,312.43,3.57,24.4,594,3,3,0,Churned
CUST101590,Jaipur,Standard,32,520,0,520,516.44,3.56,1,555,0,3,0,Active
CUST101881,Delhi,Premium,29,996,25,971,967.44,3.56,53,346,0,1,0,Active
CUST102403,Pune,Basic,45,405,50,355,351.46,3.54,22.9,195,2,1,0,Active
CUST101572,Jaipur,Basic,2,363,25,338,334.5,3.5,71.2,393,1,0,0,Active
CUST102497,Ahmedabad,Premium,22,994,50,944,940.51,3.49,41.3,556,0,1,0,Active
CUST100429,Jaipur,Standard,21,607,75,532,528.53,3.47,50.1,404,0,1,0,Churned
CUST101526,Delhi,Standard,59,612,0,612,608.53,3.47,38,689,1,2,0,Active
CUST100346,Ahmedabad,Basic,17,366,50,316,312.55,3.45,68.6,471,0,0,1,Active
CUST101621,Bhopal,Standard,60,606,0,606,602.55,3.45,31.7,405,1,3,0,Active
CUST101758,Pune,Basic,11,358,25,333,329.55,3.45,48.3,307,1,1,0,Churned
CUST100610,Lucknow,Standard,20,573,25,548,544.56,3.44,26.3,333,1,0,0,Active
CUST101668,Pune,Basic,41,425,25,400,396.58,3.42,22.3,278,1,1,0,Active
CUST101305,Jaipur,Standard,2,759,100,659,655.6,3.4,31.8,395,1,1,0,Churned
CUST101531,Bhopal,Basic,19,428,75,353,349.62,3.38,44.8,775,0,3,0,Active
CUST102483,Delhi,Standard,52,605,0,605,601.62,3.38,35.5,385,0,0,0,Active
CUST100644,Lucknow,Basic,37,387,0,387,383.65,3.35,76.2,334,0,1,0,Active
CUST100709,Mumbai,Standard,55,631,75,556,552.66,3.34,6,296,2,4,0,Active
CUST102206,Indore,Premium,20,876,75,801,797.66,3.34,39.4,186,2,1,0,Active
CUST101431,Indore,Premium,10,945,0,945,941.67,3.33,46.2,351,1,1,0,Active
CUST101640,Jaipur,Basic,31,359,50,309,305.67,3.33,35,623,0,3,0,Active
CUST101799,Pune,Basic,28,374,25,349,345.67,3.33,51.9,703,0,0,0,Active
CUST101943,Bhopal,Standard,33,500,100,400,396.67,3.33,50.6,595,0,1,1,Active
CUST100331,Delhi,Basic,19,366,100,266,262.69,3.31,12.5,431,2,0,0,Active
CUST101277,Lucknow,Premium,44,779,0,779,775.74,3.26,36.3,201,1,2,0,Churned
CUST101333,Lucknow,Basic,33,394,0,394,390.76,3.24,40.4,680,1,0,0,Active
CUST100646,Mumbai,Standard,60,642,0,642,638.77,3.23,13.9,582,1,1,0,Active
CUST101394,Indore,Basic,30,489,50,439,435.78,3.22,54.8,439,0,2,1,Churned
CUST102300,Delhi,Premium,43,991,75,916,912.78,3.22,36.6,340,0,0,0,Active
CUST101483,Bhopal,Basic,52,337,0,337,333.8,3.2,33,531,0,3,0,Active
CUST101949,Delhi,Premium,5,932,0,932,928.8,3.2,55.8,38,1,2,0,Churned
CUST102187,Delhi,Basic,26,391,0,391,387.8,3.2,46.3,458,0,1,0,Churned
CUST101620,Delhi,Standard,39,606,75,531,527.81,3.19,36.8,189,0,1,0,Active
CUST101196,Jaipur,Basic,44,232,0,232,228.82,3.18,33,425,1,2,0,Active
CUST101310,Pune,Standard,55,640,0,640,636.82,3.18,21.5,816,0,0,0,Active
CUST101515,Ahmedabad,Premium,12,922,0,922,918.83,3.17,77.9,254,1,0,0,Active
CUST101798,Mumbai,Premium,51,914,50,864,860.84,3.16,52.6,420,1,2,0,Active
CUST100852,Ahmedabad,Premium,21,587,75,512,508.87,3.13,61.9,450,0,1,0,Active
CUST101828,Pune,Standard,27,679,50,629,625.87,3.13,10.9,499,1,0,0,Active
CUST102142,Ahmedabad,Premium,27,897,0,897,893.87,3.13,36.5,728,0,3,0,Active
CUST102269,Ahmedabad,Standard,52,503,0,503,499.87,3.13,48.8,391,0,1,0,Active
CUST100207,Ahmedabad,Standard,24,649,0,649,645.88,3.12,23.9,517,0,0,0,Active
CUST101350,Bhopal,Basic,16,343,100,243,239.89,3.11,35.5,310,0,0,0,Active
CUST101714,Jaipur,Basic,54,404,0,404,400.9,3.1,35.1,523,2,2,0,Active
CUST100054,Mumbai,Premium,38,945,75,870,866.91,3.09,32.9,394,0,2,0,Active
CUST102089,Bhopal,Standard,19,546,25,521,517.92,3.08,38.1,508,1,2,0,Active
CUST100171,Bhopal,Standard,27,618,50,568,564.93,3.07,21.7,408,1,5,0,Churned
CUST101214,Bhopal,Basic,31,326,25,301,297.93,3.07,70.8,416,0,0,0,Active
CUST100238,Delhi,Premium,41,850,75,775,771.95,3.05,42.5,580,1,0,0,Active
CUST100088,Lucknow,Premium,7,873,50,823,819.97,3.03,30.8,294,0,3,0,Active
CUST100563,Indore,Basic,22,382,50,332,328.98,3.02,33.4,195,1,0,0,Active
CUST101737,Bhopal,Standard,27,507,25,482,479,3,25.1,462,1,0,1,Active
CUST101474,Ahmedabad,Basic,11,323,50,273,270.02,2.98,30.1,286,0,2,0,Active
CUST101039,Lucknow,Basic,46,369,0,369,366.03,2.97,78.7,552,0,2,0,Active
CUST101550,Delhi,Premium,2,969,50,919,916.05,2.95,33.7,596,0,1,0,Active
CUST100021,Delhi,Basic,60,255,0,255,252.07,2.93,57.3,569,1,0,0,Active
CUST100501,Jaipur,Basic,43,404,0,404,401.08,2.92,29.5,394,0,0,1,Active
CUST100313,Delhi,Premium,49,858,0,858,855.1,2.9,37,422,0,1,0,Active
CUST101026,Bhopal,Standard,31,651,50,601,598.11,2.89,11.3,341,0,0,0,Active
CUST100666,Pune,Standard,7,625,25,600,597.14,2.86,20.9,274,0,2,0,Active
CUST102004,Lucknow,Basic,2,332,0,332,329.14,2.86,40.1,372,1,1,0,Churned
CUST101639,Delhi,Basic,35,368,0,368,365.18,2.82,26.5,262,1,4,1,Active
CUST102121,Ahmedabad,Basic,32,283,50,233,230.2,2.8,18.4,495,1,0,0,Active
CUST100718,Indore,Standard,30,562,100,462,459.22,2.78,14.4,501,0,0,0,Active
CUST101776,Delhi,Basic,11,411,50,361,358.22,2.78,70.2,226,3,0,0,Active
CUST102444,Pune,Standard,11,605,0,605,602.22,2.78,61.3,429,1,0,0,Active
CUST101423,Jaipur,Standard,25,586,50,536,533.23,2.77,44.1,179,2,1,0,Active
CUST102093,Indore,Basic,12,296,0,296,293.24,2.76,31.2,726,0,2,0,Churned
CUST102199,Indore,Premium,47,810,50,760,757.24,2.76,52.1,583,1,2,1,Active
CUST100753,Ahmedabad,Standard,32,508,75,433,430.28,2.72,47.5,660,2,1,0,Active
CUST101779,Jaipur,Basic,14,397,0,397,394.29,2.71,50.1,475,2,1,0,Active
CUST102147,Ahmedabad,Basic,43,407,0,407,404.29,2.71,55.8,38,0,1,0,Active
CUST100302,Bhopal,Basic,45,345,50,295,292.3,2.7,28.3,611,0,1,0,Active
CUST100328,Indore,Premium,34,1063,75,988,985.3,2.7,58,420,0,2,0,Active
CUST100388,Ahmedabad,Basic,50,259,0,259,256.3,2.7,74.1,487,0,0,1,Active
CUST100182,Mumbai,Basic,52,385,0,385,382.31,2.69,50.4,435,3,1,1,Active
CUST101975,Bhopal,Premium,3,830,50,780,777.31,2.69,35.8,491,0,1,0,Active
CUST100263,Ahmedabad,Standard,55,506,0,506,503.32,2.68,48.5,556,1,0,0,Active
CUST100005,Lucknow,Premium,28,946,25,921,918.33,2.67,47.2,126,0,2,0,Active
CUST102069,Mumbai,Basic,59,411,0,411,408.34,2.66,60.4,382,2,0,0,Active
CUST101478,Indore,Basic,46,382,50,332,329.36,2.64,11,474,0,1,0,Active
CUST100125,Pune,Basic,34,360,100,260,257.37,2.63,33.9,486,1,1,0,Active
CUST100329,Pune,Premium,24,885,100,785,782.37,2.63,101.6,209,1,4,1,Active
CUST101103,Indore,Standard,43,613,25,588,585.38,2.62,40.8,523,1,0,0,Active
CUST100296,Lucknow,Basic,53,341,0,341,338.39,2.61,24.6,404,0,0,1,Active
CUST101083,Pune,Basic,4,421,50,371,368.39,2.61,63.5,480,0,0,0,Active
CUST102118,Pune,Basic,25,302,0,302,299.41,2.59,17.6,684,1,0,1,Active
CUST101496,Pune,Basic,14,355,0,355,352.42,2.58,23.9,364,1,2,1,Churned
CUST101005,Ahmedabad,Standard,12,584,25,559,556.43,2.57,56,419,0,3,0,Churned
CUST100637,Delhi,Basic,55,352,0,352,349.44,2.56,35.7,398,1,0,0,Active
CUST102438,Lucknow,Standard,38,598,0,598,595.44,2.56,57.6,303,0,2,0,Active
CUST100996,Pune,Basic,59,399,100,299,296.47,2.53,1,321,2,0,0,Active
CUST101385,Indore,Standard,53,697,0,697,694.47,2.53,49,620,0,0,0,Active
CUST101390,Delhi,Standard,55,599,75,524,521.47,2.53,33,349,0,3,0,Active
CUST101516,Mumbai,Standard,24,688,50,638,635.47,2.53,12.2,132,0,3,0,Active
CUST100589,Lucknow,Standard,29,542,75,467,464.48,2.52,42.5,220,0,0,0,Active
CUST101356,Delhi,Standard,9,538,0,538,535.48,2.52,38.7,432,1,1,0,Active
CUST101371,Delhi,Premium,35,860,50,810,807.48,2.52,60.2,783,1,0,0,Active
CUST101318,Mumbai,Standard,46,576,50,526,523.49,2.51,34,52,2,2,0,Active
CUST101325,Indore,Standard,45,557,75,482,479.49,2.51,26,413,2,0,1,Active
CUST102159,Delhi,Basic,55,398,50,348,345.49,2.51,69.6,388,2,4,0,Active
CUST100078,Pune,Basic,38,253,0,253,250.5,2.5,46.4,236,0,1,0,Active
CUST100741,Lucknow,Standard,58,617,50,567,564.5,2.5,44.4,585,1,1,0,Active
CUST101317,Pune,Basic,53,387,0,387,384.5,2.5,34.6,434,0,2,0,Active
CUST101619,Ahmedabad,Basic,43,369,25,344,341.51,2.49,33,456,1,1,0,Active
CUST100673,Bhopal,Basic,33,374,25,349,346.52,2.48,15.3,341,0,0,0,Active
CUST100806,Pune,Premium,29,968,50,918,915.52,2.48,45.6,261,1,1,1,Active
CUST101719,Pune,Basic,59,304,0,304,301.52,2.48,24.9,395,1,1,0,Churned
CUST101074,Mumbai,Basic,60,368,50,318,315.55,2.45,32.7,305,2,0,0,Active
CUST100028,Pune,Premium,49,1022,100,922,919.56,2.44,58.7,198,0,2,0,Active
CUST100879,Jaipur,Basic,30,363,50,313,310.56,2.44,58.5,622,1,0,0,Active
CUST100511,Jaipur,Basic,12,421,50,371,368.58,2.42,37.1,581,0,1,0,Active
CUST100748,Delhi,Premium,26,884,0,884,881.58,2.42,48.4,429,1,0,0,Active
CUST102138,Pune,Standard,55,606,25,581,578.58,2.42,18.2,624,0,1,0,Active
CUST100681,Indore,Standard,7,570,0,570,567.59,2.41,19.4,256,0,3,0,Active
CUST100907,Indore,Basic,37,373,0,373,370.59,2.41,36.6,579,0,5,0,Active
CUST100797,Mumbai,Standard,27,551,50,501,498.6,2.4,37,487,0,1,0,Active
CUST100213,Mumbai,Basic,49,289,50,239,236.62,2.38,60.7,308,0,0,0,Active
CUST100906,Mumbai,Basic,6,429,75,354,351.62,2.38,47.4,490,2,2,0,Active
CUST102456,Lucknow,Basic,47,409,25,384,381.63,2.37,60,359,1,2,0,Active
CUST100121,Jaipur,Premium,35,917,50,867,864.64,2.36,71.2,569,0,3,0,Active
CUST100513,Lucknow,Basic,30,276,75,201,198.65,2.35,24.2,567,1,0,0,Active
CUST101256,Indore,Premium,44,1065,0,1065,1062.65,2.35,89.7,317,0,1,0,Active
CUST102472,Mumbai,Premium,37,872,75,797,794.65,2.35,69.5,313,0,1,0,Active
CUST100473,Mumbai,Standard,14,747,50,697,694.66,2.34,37.2,373,2,1,0,Churned
CUST102447,Jaipur,Basic,53,379,0,379,376.67,2.33,23.9,496,3,0,0,Active
CUST100997,Delhi,Standard,12,474,100,374,371.68,2.32,49.3,319,1,2,0,Churned
CUST101422,Pune,Basic,40,317,50,267,264.68,2.32,34.9,578,0,0,0,Active
CUST100661,Jaipur,Basic,23,355,0,355,352.69,2.31,67.4,299,1,0,0,Active
CUST100268,Pune,Basic,18,315,0,315,312.7,2.3,36.3,318,0,1,0,Active
CUST100348,Indore,Premium,4,773,75,698,695.71,2.29,54.4,462,1,1,0,Active
CUST100418,Delhi,Basic,4,347,25,322,319.72,2.28,8.7,372,1,2,0,Active
CUST102096,Ahmedabad,Standard,41,580,75,505,502.73,2.27,51.3,292,2,4,0,Churned
CUST100842,Ahmedabad,Standard,13,556,0,556,553.76,2.24,61.5,504,1,1,1,Active
CUST102057,Jaipur,Basic,17,316,100,216,213.76,2.24,54.7,435,1,2,0,Active
CUST100810,Bhopal,Premium,4,839,0,839,836.81,2.19,71.2,607,0,1,0,Active
CUST100993,Mumbai,Basic,52,357,50,307,304.81,2.19,51.4,341,2,0,0,Active
CUST101468,Lucknow,Basic,24,338,25,313,310.81,2.19,29.6,513,0,0,0,Active
CUST102017,Jaipur,Standard,4,779,0,779,776.82,2.18,18.3,493,0,2,0,Active
CUST100168,Delhi,Premium,18,715,50,665,662.83,2.17,34.8,451,0,4,0,Active
CUST101449,Bhopal,Premium,30,907,0,907,904.83,2.17,37.7,424,3,0,1,Active
CUST100751,Indore,Standard,10,542,100,442,439.84,2.16,35.9,655,1,0,0,Active
CUST100995,Jaipur,Basic,2,291,50,241,238.88,2.12,57.2,386,0,2,0,Churned
CUST100414,Bhopal,Premium,8,873,0,873,870.89,2.11,53.2,453,2,1,0,Churned
CUST100959,Mumbai,Basic,16,347,50,297,294.9,2.1,46.4,501,5,0,0,Active
CUST101434,Delhi,Basic,22,374,0,374,371.9,2.1,31.4,462,0,4,0,Active
CUST100627,Delhi,Basic,36,326,0,326,323.91,2.09,47.2,615,1,1,0,Active
CUST101248,Delhi,Premium,57,875,25,850,847.91,2.09,50.8,619,3,2,0,Churned
CUST102085,Jaipur,Basic,17,415,50,365,362.91,2.09,15.9,301,1,1,0,Active
CUST102184,Jaipur,Basic,39,338,0,338,335.91,2.09,28.5,43,2,1,0,Active
CUST101067,Jaipur,Standard,8,697,0,697,694.92,2.08,38.7,23,1,1,1,Churned
CUST102101,Jaipur,Basic,27,421,0,421,418.92,2.08,59.2,743,4,4,1,Active
CUST101278,Bhopal,Premium,9,856,0,856,853.93,2.07,21.3,190,0,1,0,Churned
CUST101033,Delhi,Standard,26,545,100,445,442.94,2.06,1.7,420,0,2,0,Churned
CUST101766,Pune,Premium,33,948,0,948,945.94,2.06,48.9,319,2,4,0,Active
CUST102437,Jaipur,Premium,2,895,0,895,892.94,2.06,62.4,424,0,0,0,Active
CUST100097,Jaipur,Basic,25,356,0,356,353.95,2.05,17.8,467,0,0,0,Active
CUST101561,Delhi,Premium,47,946,50,896,893.96,2.04,62,487,1,2,1,Churned
CUST102214,Bhopal,Standard,42,597,25,572,569.96,2.04,10.5,403,1,2,0,Active
CUST100087,Delhi,Standard,10,571,25,546,543.98,2.02,23,187,2,1,0,Active
CUST101899,Delhi,Basic,47,293,0,293,290.99,2.01,9.2,433,1,0,0,Active
CUST100244,Jaipur,Standard,10,622,0,622,620,2,4.6,644,1,1,0,Active
CUST101855,Lucknow,Standard,8,632,25,607,605,2,20.3,278,0,5,1,Churned
CUST101909,Ahmedabad,Basic,9,284,75,209,207.04,1.96,13.6,479,1,2,0,Active
CUST101810,Indore,Standard,48,660,0,660,658.05,1.95,30.9,455,0,0,0,Active
CUST101540,Mumbai,Premium,45,1057,25,1032,1030.06,1.94,45.2,348,1,0,0,Active
CUST101051,Delhi,Standard,3,605,0,605,603.07,1.93,1,827,0,1,0,Active
CUST102165,Ahmedabad,Basic,41,330,100,230,228.08,1.92,43.6,420,1,1,0,Active
CUST102442,Bhopal,Basic,49,298,50,248,246.08,1.92,11.3,127,1,4,0,Active
CUST102216,Mumbai,Standard,37,593,0,593,591.09,1.91,20.8,427,0,3,0,Active
CUST101674,Jaipur,Basic,26,343,0,343,341.12,1.88,35.2,717,1,1,0,Active
CUST100515,Bhopal,Basic,10,362,0,362,360.13,1.87,25.1,733,0,0,0,Active
CUST102271,Delhi,Premium,51,843,75,768,766.17,1.83,64.2,338,1,1,0,Active
CUST100077,Indore,Standard,21,702,0,702,700.18,1.82,14.6,588,2,1,0,Active
CUST100265,Pune,Basic,43,273,50,223,221.2,1.8,23.6,342,1,0,0,Active
CUST100441,Delhi,Premium,58,895,0,895,893.23,1.77,26.9,360,4,0,0,Churned
CUST101286,Ahmedabad,Standard,15,417,75,342,340.24,1.76,42.2,390,1,1,0,Active
CUST101404,Indore,Standard,37,409,0,409,407.28,1.72,22.1,257,1,2,0,Active
CUST101497,Lucknow,Basic,52,269,0,269,267.28,1.72,59.1,537,1,2,0,Active
CUST100593,Ahmedabad,Premium,15,1014,75,939,937.29,1.71,54.3,455,1,1,0,Churned
CUST101461,Delhi,Basic,28,338,50,288,286.29,1.71,62.7,597,0,2,0,Active
CUST101846,Mumbai,Basic,52,245,50,195,193.31,1.69,78.9,658,0,1,0,Active
CUST101834,Mumbai,Standard,57,683,0,683,681.32,1.68,44.4,482,2,0,0,Active
CUST102107,Indore,Standard,28,532,50,482,480.32,1.68,49.7,216,1,1,0,Churned
CUST100734,Indore,Standard,22,541,100,441,439.33,1.67,7.2,758,0,0,0,Active
CUST100257,Bhopal,Standard,2,725,50,675,673.35,1.65,18.9,668,1,3,0,Active
CUST101908,Bhopal,Premium,16,1045,0,1045,1043.36,1.64,51.6,453,1,1,0,Active
CUST100420,Ahmedabad,Basic,21,367,0,367,365.37,1.63,89.5,608,1,2,0,Active
CUST100626,Delhi,Basic,27,306,0,306,304.39,1.61,53.3,848,2,1,0,Active
CUST100773,Jaipur,Basic,31,384,25,359,357.41,1.59,21.8,566,2,1,0,Churned
CUST100402,Delhi,Basic,21,366,25,341,339.45,1.55,36.3,325,1,0,0,Active
CUST100960,Indore,Premium,45,828,0,828,826.46,1.54,42.5,383,1,2,0,Active
CUST100927,Delhi,Premium,7,873,50,823,821.49,1.51,68.9,410,1,4,0,Churned
CUST102063,Jaipur,Standard,60,519,75,444,442.49,1.51,1,304,0,1,0,Active
CUST100629,Delhi,Standard,8,586,25,561,559.5,1.5,47.8,274,1,3,0,Active
CUST101288,Bhopal,Basic,3,229,50,179,177.5,1.5,1,512,3,0,0,Active
CUST101263,Lucknow,Basic,20,437,100,337,335.54,1.46,31.9,396,1,0,0,Active
CUST101230,Lucknow,Standard,36,532,50,482,480.55,1.45,38.6,605,1,1,0,Active
CUST100132,Bhopal,Standard,60,514,0,514,512.56,1.44,44.5,597,1,2,0,Active
CUST100591,Ahmedabad,Standard,16,604,0,604,602.56,1.44,33.1,703,0,2,0,Active
CUST100512,Lucknow,Basic,4,285,50,235,233.57,1.43,30.2,583,1,1,0,Active
CUST102203,Delhi,Basic,44,343,100,243,241.59,1.41,40,565,0,2,0,Active
CUST101270,Delhi,Basic,31,407,0,407,405.61,1.39,41.2,190,0,1,0,Active
CUST101830,Delhi,Basic,7,416,100,316,314.61,1.39,31.7,536,2,2,0,Active
CUST102238,Mumbai,Basic,56,297,50,247,245.62,1.38,59.3,298,1,5,0,Active
CUST102397,Delhi,Basic,40,446,50,396,394.62,1.38,39.4,331,1,0,1,Active
CUST102458,Mumbai,Standard,19,572,0,572,570.62,1.38,27.9,528,0,0,0,Active
CUST101471,Jaipur,Premium,17,870,0,870,868.63,1.37,34.7,235,3,1,0,Churned
CUST100950,Bhopal,Basic,34,325,0,325,323.67,1.33,16,494,1,1,0,Active
CUST101362,Delhi,Standard,49,600,0,600,598.67,1.33,47.1,480,0,0,0,Active
CUST101711,Mumbai,Premium,20,1018,25,993,991.67,1.33,81.1,245,1,2,0,Active
CUST101443,Mumbai,Premium,17,921,50,871,869.68,1.32,43.7,438,0,0,0,Churned
CUST102095,Lucknow,Standard,29,552,0,552,550.68,1.32,56.9,371,0,0,0,Active
CUST100874,Jaipur,Basic,55,401,25,376,374.7,1.3,43.5,664,2,0,0,Active
CUST102475,Mumbai,Standard,12,634,50,584,582.7,1.3,34.8,265,0,0,0,Active
CUST101599,Jaipur,Basic,18,325,25,300,298.72,1.28,32.8,841,0,0,0,Active
CUST101229,Delhi,Premium,45,978,50,928,926.74,1.26,83.2,781,0,2,0,Active
CUST102337,Lucknow,Standard,56,475,50,425,423.75,1.25,15.2,296,1,3,0,Active
CUST101990,Pune,Premium,14,868,0,868,866.76,1.24,35.2,574,0,1,0,Active
CUST100074,Jaipur,Basic,32,267,50,217,215.77,1.23,70.7,333,3,1,0,Active
CUST102013,Ahmedabad,Standard,25,491,100,391,389.77,1.23,13.6,253,0,2,1,Active
CUST101252,Bhopal,Premium,26,745,25,720,718.79,1.21,75.5,348,0,3,0,Active
CUST100935,Ahmedabad,Basic,5,384,50,334,332.8,1.2,38.2,342,0,1,0,Active
CUST101240,Pune,Premium,3,923,0,923,921.81,1.19,76.7,171,1,2,0,Active
CUST102010,Mumbai,Basic,13,394,25,369,367.81,1.19,32.5,196,1,0,0,Churned
CUST100100,Lucknow,Standard,8,559,0,559,557.82,1.18,25.9,177,0,0,0,Active
CUST101866,Bhopal,Basic,21,364,100,264,262.82,1.18,43.2,817,0,0,0,Active
CUST102229,Ahmedabad,Standard,40,709,50,659,657.82,1.18,41,667,1,4,0,Active
CUST100309,Bhopal,Premium,23,891,0,891,889.83,1.17,71.6,638,0,0,1,Churned
CUST100958,Ahmedabad,Basic,25,314,0,314,312.83,1.17,2.5,657,2,1,0,Active
CUST101409,Delhi,Basic,32,352,50,302,300.83,1.17,42,409,2,0,1,Active
CUST101182,Jaipur,Standard,2,676,50,626,624.84,1.16,38.7,557,2,0,0,Active
CUST101267,Delhi,Basic,29,326,0,326,324.85,1.15,31.8,120,0,1,0,Active
CUST102435,Pune,Basic,20,327,25,302,300.85,1.15,47.4,164,1,0,0,Active
CUST101021,Bhopal,Standard,58,566,50,516,514.88,1.12,3.1,458,1,0,0,Active
CUST101430,Mumbai,Premium,52,994,100,894,892.88,1.12,70.2,582,2,2,0,Active
CUST100756,Jaipur,Standard,34,644,75,569,567.9,1.1,28.3,153,1,2,0,Active
CUST100947,Indore,Standard,10,584,25,559,557.9,1.1,47.1,335,2,0,0,Active
CUST101081,Ahmedabad,Basic,6,331,50,281,279.9,1.1,61.5,411,0,2,0,Active
CUST102367,Indore,Basic,16,290,50,240,238.9,1.1,76,395,1,2,0,Active
CUST101519,Mumbai,Premium,20,806,25,781,779.91,1.09,40.1,607,0,0,0,Active
CUST102153,Pune,Premium,11,948,0,948,946.91,1.09,79,330,1,0,0,Active
CUST101093,Mumbai,Basic,27,340,100,240,238.95,1.05,30.6,464,0,1,0,Active
CUST101269,Bhopal,Basic,51,256,0,256,254.98,1.02,7.8,378,0,2,0,Churned
CUST101598,Lucknow,Standard,28,614,0,614,613,1,58,563,0,0,0,Active
CUST102244,Jaipur,Basic,32,365,50,315,314,1,47.9,395,1,1,0,Active
CUST100913,Ahmedabad,Standard,12,570,50,520,519.02,0.98,28.4,313,1,2,0,Active
CUST100919,Jaipur,Standard,13,563,25,538,537.02,0.98,50.5,504,1,0,0,Active
CUST101416,Jaipur,Premium,19,922,0,922,921.03,0.97,83.3,312,1,2,0,Active
CUST101841,Bhopal,Premium,10,778,0,778,777.04,0.96,26.2,436,0,0,0,Active
CUST102000,Ahmedabad,Premium,56,903,25,878,877.04,0.96,21.7,510,0,1,0,Active
CUST100487,Pune,Basic,20,324,50,274,273.06,0.94,69.3,313,0,0,0,Active
CUST102072,Mumbai,Standard,10,579,0,579,578.06,0.94,23.4,667,2,1,0,Churned
CUST101346,Lucknow,Basic,15,336,0,336,335.11,0.89,16.5,353,0,1,0,Active
CUST100650,Mumbai,Standard,49,608,0,608,607.12,0.88,10.5,391,0,0,0,Active
CUST100983,Jaipur,Premium,50,831,0,831,830.12,0.88,57.9,616,1,2,0,Active
CUST100381,Ahmedabad,Premium,5,759,50,709,708.14,0.86,59.4,352,0,1,1,Active
CUST101615,Indore,Basic,44,354,25,329,328.16,0.84,43.6,321,4,3,0,Active
CUST100041,Lucknow,Standard,57,614,25,589,588.17,0.83,1,692,1,1,0,Active
CUST100486,Delhi,Premium,51,1067,0,1067,1066.21,0.79,43.2,521,1,3,0,Active
CUST101167,Mumbai,Standard,29,565,100,465,464.21,0.79,41.5,358,0,2,0,Active
CUST101476,Mumbai,Standard,46,500,25,475,474.22,0.78,36.8,230,1,0,0,Active
CUST100849,Pune,Basic,48,401,0,401,400.24,0.76,12,378,1,1,0,Active
CUST101369,Jaipur,Premium,35,905,100,805,804.24,0.76,54.7,231,0,0,0,Active
CUST101709,Indore,Premium,42,1038,50,988,987.24,0.76,76.7,485,0,1,0,Active
CUST101160,Pune,Standard,57,620,50,570,569.25,0.75,53.3,584,2,3,0,Active
CUST102319,Lucknow,Basic,14,303,75,228,227.25,0.75,53.8,380,2,0,0,Active
CUST102161,Indore,Basic,36,355,0,355,354.26,0.74,45,467,1,0,0,Active
CUST101746,Ahmedabad,Standard,56,628,0,628,627.34,0.66,28.4,332,2,1,0,Active
CUST102248,Indore,Basic,43,313,0,313,312.35,0.65,73.4,517,1,0,0,Active
CUST102160,Lucknow,Standard,12,627,25,602,601.36,0.64,17.6,110,0,1,0,Active
CUST102098,Lucknow,Standard,34,572,0,572,571.37,0.63,29.1,415,1,0,0,Active
CUST100635,Jaipur,Basic,42,331,75,256,255.39,0.61,12.5,198,1,1,0,Active
CUST101616,Lucknow,Basic,24,260,0,260,259.39,0.61,44.1,588,1,1,0,Active
CUST100022,Indore,Basic,29,352,0,352,351.4,0.6,47.2,236,2,1,0,Active
CUST101411,Pune,Basic,21,324,25,299,298.42,0.58,5.2,360,1,2,0,Active
CUST100912,Mumbai,Basic,14,350,25,325,324.46,0.54,12.8,246,0,1,0,Churned
CUST100782,Bhopal,Basic,1,360,0,360,359.47,0.53,45.3,306,2,0,0,Churned
CUST101031,Indore,Basic,31,422,50,372,371.48,0.52,52.4,626,2,0,0,Active
CUST102033,Jaipur,Basic,40,380,50,330,329.48,0.52,50,427,2,1,0,Active
CUST101803,Delhi,Standard,49,672,50,622,621.49,0.51,39.9,559,1,0,0,Active
CUST102014,Jaipur,Basic,38,391,50,341,340.49,0.51,44.3,683,0,1,0,Active
CUST100461,Indore,Basic,6,357,0,357,356.5,0.5,13.8,829,1,1,0,Active
CUST101751,Ahmedabad,Standard,38,605,100,505,504.53,0.47,24.3,462,2,1,1,Active
CUST100728,Mumbai,Standard,21,671,25,646,645.54,0.46,18.6,185,0,1,0,Active
CUST100555,Pune,Standard,40,675,25,650,649.55,0.45,1,372,2,0,0,Active
CUST100159,Lucknow,Standard,38,508,100,408,407.58,0.42,44.1,653,1,3,0,Active
CUST102401,Pune,Basic,14,306,75,231,230.58,0.42,5.3,786,0,1,0,Active
CUST100153,Delhi,Basic,17,405,100,305,304.63,0.37,65.8,101,0,2,1,Active
CUST100592,Indore,Basic,40,327,50,277,276.63,0.37,13.8,484,1,2,0,Active
CUST101017,Mumbai,Standard,58,552,0,552,551.63,0.37,1,390,1,0,1,Active
CUST102242,Mumbai,Premium,32,921,25,896,895.64,0.36,49.6,286,1,1,0,Active
CUST102431,Pune,Basic,1,310,0,310,309.64,0.36,44,536,1,2,0,Active
CUST101309,Lucknow,Basic,29,426,25,401,400.67,0.33,52.6,285,0,0,1,Active
CUST101059,Delhi,Premium,43,948,25,923,922.68,0.32,61.5,717,0,3,0,Active
CUST101316,Jaipur,Basic,23,343,75,268,267.68,0.32,4.2,485,2,5,0,Churned
CUST102007,Indore,Basic,29,343,50,293,292.69,0.31,55.7,598,3,1,0,Active
CUST102434,Mumbai,Basic,2,357,75,282,281.69,0.31,52.2,643,0,2,0,Active
CUST100012,Jaipur,Basic,29,283,100,183,182.73,0.27,47.9,440,1,0,1,Active
CUST100104,Lucknow,Premium,5,899,25,874,873.73,0.27,60.6,600,2,1,0,Active
CUST100050,Lucknow,Basic,22,397,50,347,346.74,0.26,30.9,341,0,1,0,Active
CUST100683,Ahmedabad,Premium,46,827,0,827,826.77,0.23,51.3,396,0,1,0,Active
CUST101435,Bhopal,Standard,40,722,0,722,721.77,0.23,55.1,710,3,0,0,Active
CUST100143,Mumbai,Basic,38,331,75,256,255.78,0.22,15,503,1,1,0,Active
CUST100301,Lucknow,Standard,9,579,0,579,578.79,0.21,59.3,572,1,0,0,Churned
CUST100706,Bhopal,Standard,29,594,75,519,518.79,0.21,5.5,329,1,2,0,Active
CUST100942,Ahmedabad,Standard,19,589,0,589,588.8,0.2,69.7,227,3,1,0,Active
CUST100452,Mumbai,Basic,55,367,0,367,366.82,0.18,46.9,464,0,1,0,Active
CUST101525,Bhopal,Basic,53,341,0,341,340.82,0.18,11,526,1,0,0,Active
CUST102022,Jaipur,Standard,52,661,50,611,610.83,0.17,33.9,409,1,0,0,Active
CUST101112,Indore,Standard,24,743,0,743,742.84,0.16,34.5,611,0,3,0,Active
CUST100096,Indore,Standard,39,643,50,593,592.85,0.15,31.8,363,3,2,1,Active
CUST100688,Mumbai,Basic,10,294,0,294,293.85,0.15,33.9,249,1,0,0,Active
CUST102331,Lucknow,Standard,49,481,0,481,480.85,0.15,37.8,413,2,1,0,Active
CUST101601,Jaipur,Standard,5,631,25,606,605.86,0.14,27.5,374,0,1,0,Active
CUST100179,Pune,Standard,17,566,0,566,565.87,0.13,42.7,253,3,0,0,Active
CUST101552,Pune,Basic,3,358,0,358,357.87,0.13,48.7,768,2,1,0,Churned
CUST102213,Bhopal,Basic,28,386,0,386,385.93,0.07,37.1,705,2,1,0,Churned
CUST101207,Jaipur,Basic,4,384,0,384,383.94,0.06,24.4,529,1,2,0,Active
CUST100828,Lucknow,Basic,10,368,0,368,367.95,0.05,71.1,385,0,2,0,Active
CUST102189,Pune,Standard,24,643,0,643,642.95,0.05,18.9,335,2,1,0,Active
CUST101148,Jaipur,Basic,50,320,0,320,319.96,0.04,65.7,548,0,0,0,Active
CUST102256,Lucknow,Standard,20,599,25,574,573.97,0.03,40.4,423,0,0,0,Active
CUST100365,Pune,Basic,31,396,0,396,395.98,0.02,29,386,2,0,0,Active
CUST100536,Mumbai,Basic,58,275,25,250,249.98,0.02,1,506,0,2,0,Active
CUST101007,Pune,Standard,32,612,0,612,611.98,0.02,24.2,252,0,2,0,Active
CUST100888,Bhopal,Standard,55,516,50,466,465.99,0.01,44.9,380,2,1,0,Active
CUST101743,Bhopal,Standard,57,554,0,554,554.05,-0.05,40.6,670,0,0,0,Active
CUST100448,Pune,Premium,35,863,0,863,863.06,-0.06,50.1,588,1,0,0,Active
CUST100113,Mumbai,Basic,40,324,0,324,324.08,-0.08,43.9,515,2,0,0,Churned
CUST101778,Delhi,Standard,59,717,100,617,617.08,-0.08,33.1,366,1,0,1,Churned
CUST101793,Delhi,Standard,56,613,0,613,613.08,-0.08,17.6,317,0,1,0,Active
CUST101355,Mumbai,Basic,9,342,50,292,292.09,-0.09,36.4,376,0,0,0,Active
CUST102450,Lucknow,Premium,25,989,100,889,889.09,-0.09,32,349,2,0,0,Active
CUST100133,Pune,Premium,26,939,0,939,939.11,-0.11,39.4,685,4,0,1,Churned
CUST101948,Bhopal,Basic,47,234,50,184,184.12,-0.12,22.4,231,1,3,0,Active
CUST101802,Mumbai,Standard,34,567,50,517,517.13,-0.13,15.8,499,1,2,0,Active
CUST101784,Jaipur,Premium,1,1106,0,1106,1106.14,-0.14,60.2,683,1,4,0,Active
CUST100430,Bhopal,Standard,21,625,50,575,575.15,-0.15,17.5,311,0,1,0,Active
CUST101425,Lucknow,Standard,20,678,100,578,578.16,-0.16,47.7,110,0,2,0,Active
CUST101397,Jaipur,Standard,34,642,0,642,642.17,-0.17,1,448,1,2,0,Active
CUST102106,Lucknow,Standard,19,636,0,636,636.17,-0.17,18.3,453,0,3,0,Active
CUST101783,Ahmedabad,Basic,1,227,25,202,202.22,-0.22,43.5,218,1,1,0,Active
CUST100270,Delhi,Basic,14,290,0,290,290.23,-0.23,37.3,478,0,3,1,Churned
CUST100865,Jaipur,Premium,42,865,0,865,865.23,-0.23,45.5,667,0,0,0,Active
CUST101137,Delhi,Basic,52,395,25,370,370.23,-0.23,43.2,387,1,1,0,Active
CUST101971,Ahmedabad,Premium,45,1019,50,969,969.24,-0.24,45.3,180,0,1,0,Active
CUST100872,Bhopal,Basic,40,364,75,289,289.26,-0.26,14.5,315,1,0,0,Active
CUST101833,Bhopal,Standard,49,659,25,634,634.26,-0.26,10.6,276,1,0,0,Active
CUST101847,Pune,Basic,17,399,75,324,324.26,-0.26,28,492,0,0,0,Active
CUST100192,Pune,Basic,23,347,50,297,297.27,-0.27,42.5,203,1,2,1,Active
CUST100004,Mumbai,Basic,46,336,0,336,336.29,-0.29,25.5,556,2,1,0,Active
CUST100609,Lucknow,Basic,50,305,0,305,305.29,-0.29,28.3,657,0,1,0,Churned
CUST102079,Indore,Basic,42,317,50,267,267.29,-0.29,10.4,519,1,2,0,Active
CUST101158,Mumbai,Basic,14,373,25,348,348.33,-0.33,22.4,562,1,0,0,Active
CUST101703,Indore,Premium,56,734,0,734,734.33,-0.33,64.6,269,2,0,0,Active
CUST101901,Pune,Standard,59,510,100,410,410.33,-0.33,66.4,374,3,0,0,Active
CUST100553,Delhi,Standard,40,662,0,662,662.34,-0.34,34.5,675,0,2,0,Active
CUST102491,Delhi,Basic,14,380,0,380,380.34,-0.34,1,480,2,3,0,Active
CUST100771,Ahmedabad,Basic,2,367,75,292,292.35,-0.35,31.7,280,1,1,0,Active
CUST101806,Bhopal,Standard,41,537,0,537,537.36,-0.36,63.6,534,0,0,0,Active
CUST100902,Indore,Standard,5,584,50,534,534.38,-0.38,9.2,503,1,2,0,Active
CUST101647,Jaipur,Basic,22,390,0,390,390.39,-0.39,79.6,353,1,2,0,Churned
CUST101542,Bhopal,Standard,33,642,25,617,617.42,-0.42,59.9,289,1,4,0,Active
CUST100432,Lucknow,Standard,26,534,0,534,534.43,-0.43,48.5,480,0,0,0,Active
CUST101168,Ahmedabad,Basic,2,325,0,325,325.45,-0.45,27.6,284,0,3,0,Active
CUST101667,Jaipur,Premium,59,953,50,903,903.45,-0.45,50.4,720,0,0,0,Active
CUST102274,Indore,Standard,7,649,0,649,649.46,-0.46,21.1,485,1,1,0,Active
CUST101996,Pune,Basic,24,383,25,358,358.47,-0.47,74.4,334,0,3,0,Active
CUST101079,Lucknow,Standard,37,521,0,521,521.51,-0.51,36.6,518,0,1,0,Churned
CUST101749,Jaipur,Basic,7,325,0,325,325.52,-0.52,45.6,252,1,0,0,Churned
CUST100259,Pune,Standard,26,570,0,570,570.54,-0.54,1,300,1,1,0,Active
CUST100864,Lucknow,Basic,53,378,100,278,278.54,-0.54,35.2,485,0,1,0,Active
CUST100032,Bhopal,Standard,51,535,50,485,485.55,-0.55,22.3,293,1,0,1,Active
CUST100092,Lucknow,Standard,33,625,25,600,600.56,-0.56,56.8,156,1,0,0,Active
CUST100585,Ahmedabad,Basic,9,305,100,205,205.56,-0.56,39,111,0,2,1,Active
CUST102177,Mumbai,Premium,8,992,75,917,917.58,-0.58,44.8,287,0,1,0,Active
CUST102349,Pune,Standard,29,511,0,511,511.59,-0.59,33.1,684,0,1,0,Active
CUST100140,Ahmedabad,Premium,38,879,100,779,779.6,-0.6,67.9,454,0,3,0,Churned
CUST100499,Mumbai,Standard,11,542,50,492,492.6,-0.6,64.4,584,0,1,0,Active
CUST100292,Ahmedabad,Basic,45,345,25,320,320.63,-0.63,81.8,268,0,1,0,Active
CUST100384,Bhopal,Premium,50,756,0,756,756.63,-0.63,54.9,424,0,2,0,Active
CUST102465,Indore,Premium,19,706,100,606,606.64,-0.64,50.3,433,4,0,0,Active
CUST101530,Bhopal,Basic,14,320,0,320,320.65,-0.65,36.9,310,0,1,0,Active
CUST101696,Mumbai,Basic,55,346,50,296,296.67,-0.67,29,537,1,1,0,Active
CUST101882,Indore,Basic,44,332,0,332,332.68,-0.68,57.8,217,1,0,0,Active
CUST100649,Lucknow,Basic,2,339,0,339,339.69,-0.69,27.6,456,1,2,0,Active
CUST101154,Delhi,Premium,2,1160,0,1160,1160.7,-0.7,102.3,743,0,2,0,Active
CUST102427,Mumbai,Standard,15,572,0,572,572.7,-0.7,13.6,435,0,1,0,Churned
CUST101956,Pune,Basic,4,350,25,325,325.72,-0.72,23.9,498,1,0,0,Active
CUST100444,Pune,Standard,60,710,50,660,660.73,-0.73,10.2,618,0,3,0,Active
CUST101245,Ahmedabad,Standard,31,522,0,522,522.73,-0.73,50.3,328,0,0,1,Active
CUST100015,Lucknow,Premium,17,960,50,910,910.74,-0.74,23.1,185,1,2,0,Active
CUST102330,Bhopal,Standard,4,576,75,501,501.74,-0.74,29.1,475,2,0,0,Active
CUST100721,Ahmedabad,Premium,20,1008,25,983,983.75,-0.75,58.2,547,0,0,0,Active
CUST101227,Ahmedabad,Basic,59,337,100,237,237.8,-0.8,51.8,500,0,2,1,Active
CUST101660,Pune,Standard,41,559,50,509,509.8,-0.8,22.5,185,0,2,0,Active
CUST101210,Pune,Premium,15,853,75,778,778.81,-0.81,40.3,341,1,1,1,Active
CUST100200,Delhi,Premium,32,913,0,913,913.82,-0.82,70.8,326,1,1,0,Active
CUST101514,Indore,Basic,52,349,0,349,349.82,-0.82,22.7,368,0,0,0,Active
CUST102003,Mumbai,Standard,32,618,0,618,618.82,-0.82,21.7,344,0,1,0,Active
CUST101243,Mumbai,Premium,8,868,0,868,868.83,-0.83,58.5,494,1,1,0,Active
CUST100878,Pune,Basic,57,341,0,341,341.85,-0.85,19,600,0,1,0,Active
CUST101215,Bhopal,Standard,19,589,0,589,589.85,-0.85,30.2,419,0,0,0,Active
CUST102264,Bhopal,Premium,46,976,25,951,951.85,-0.85,86.9,569,2,0,1,Active
CUST100299,Bhopal,Basic,12,271,25,246,246.86,-0.86,14.4,39,0,1,0,Active
CUST100191,Jaipur,Basic,31,327,25,302,302.87,-0.87,39.4,394,0,3,0,Active
CUST102193,Indore,Basic,9,333,0,333,333.87,-0.87,42.6,451,0,1,0,Active
CUST101475,Delhi,Standard,7,734,25,709,709.88,-0.88,42.2,314,0,2,0,Active
CUST100019,Mumbai,Standard,10,546,50,496,496.89,-0.89,27.9,257,1,1,0,Active
CUST100514,Ahmedabad,Basic,48,312,25,287,287.9,-0.9,35,521,0,0,0,Active
CUST102224,Mumbai,Standard,18,607,50,557,557.9,-0.9,33.9,352,0,3,0,Active
CUST101511,Indore,Premium,24,913,50,863,863.91,-0.91,49.6,531,0,1,0,Active
CUST101663,Pune,Standard,48,518,75,443,443.92,-0.92,43.7,370,0,2,0,Churned
CUST100569,Pune,Standard,8,570,0,570,570.94,-0.94,8.3,261,0,0,1,Active
CUST101018,Bhopal,Standard,56,634,50,584,584.94,-0.94,39.3,297,0,1,0,Active
CUST101546,Jaipur,Standard,56,647,0,647,647.94,-0.94,44.2,288,2,2,0,Active
CUST100827,Ahmedabad,Basic,24,395,0,395,395.95,-0.95,57.5,425,1,2,0,Active
CUST100226,Lucknow,Standard,1,651,0,651,651.97,-0.97,38.2,164,0,2,0,Active
CUST101772,Delhi,Standard,52,586,0,586,586.97,-0.97,1,591,1,1,0,Active
CUST101224,Mumbai,Basic,56,427,0,427,427.98,-0.98,52.5,271,0,2,1,Active
CUST101633,Ahmedabad,Basic,46,368,100,268,268.98,-0.98,17.5,464,3,2,0,Active
CUST101116,Ahmedabad,Basic,47,283,75,208,209.01,-1.01,1,382,1,2,1,Active
CUST100759,Jaipur,Standard,55,631,75,556,557.04,-1.04,37.3,742,0,0,0,Active
CUST102215,Mumbai,Standard,38,570,0,570,571.05,-1.05,39,358,1,0,0,Active
CUST100165,Lucknow,Standard,25,501,100,401,402.06,-1.06,65.2,484,0,0,0,Active
CUST102130,Jaipur,Basic,2,341,0,341,342.07,-1.07,27,479,1,1,0,Active
CUST100474,Jaipur,Standard,9,481,50,431,432.08,-1.08,44.1,331,2,2,0,Churned
CUST101185,Delhi,Premium,35,813,25,788,789.08,-1.08,52.8,309,1,2,1,Active
CUST101487,Bhopal,Standard,7,697,25,672,673.08,-1.08,49.8,458,0,4,0,Active
CUST100470,Jaipur,Basic,14,348,50,298,299.09,-1.09,56,836,1,1,0,Active
CUST101129,Jaipur,Standard,1,596,0,596,597.09,-1.09,12.7,467,2,1,1,Churned
CUST100577,Pune,Standard,23,589,0,589,590.1,-1.1,55.4,488,2,2,0,Active
CUST100740,Lucknow,Basic,43,370,25,345,346.1,-1.1,12,496,3,3,1,Active
CUST100018,Lucknow,Standard,15,663,0,663,664.14,-1.14,27.2,252,1,2,0,Active
CUST101391,Pune,Standard,28,568,0,568,569.15,-1.15,52.8,743,1,3,0,Active
CUST100300,Delhi,Basic,26,319,75,244,245.16,-1.16,30.5,237,0,1,0,Active
CUST102060,Ahmedabad,Premium,34,1055,100,955,956.16,-1.16,25.2,837,1,1,0,Active
CUST101716,Jaipur,Basic,44,325,50,275,276.17,-1.17,3.9,416,0,2,0,Active
CUST102364,Lucknow,Standard,40,614,25,589,590.17,-1.17,14.1,190,0,1,0,Active
CUST102419,Mumbai,Standard,43,640,50,590,591.17,-1.17,22.2,516,2,1,0,Active
CUST102164,Ahmedabad,Basic,3,440,0,440,441.19,-1.19,31.1,271,1,1,0,Active
CUST100181,Indore,Standard,41,628,100,528,529.2,-1.2,27.3,274,0,2,0,Churned
CUST100608,Ahmedabad,Basic,40,317,100,217,218.2,-1.2,38.2,99,3,0,0,Active
CUST101527,Indore,Standard,8,669,0,669,670.2,-1.2,34.4,382,0,1,0,Active
CUST101625,Ahmedabad,Basic,17,356,50,306,307.2,-1.2,34.9,670,1,1,0,Active
CUST101014,Pune,Standard,34,518,75,443,444.21,-1.21,29,736,1,2,0,Active
CUST101307,Indore,Basic,17,359,25,334,335.21,-1.21,39.5,138,2,5,0,Active
CUST102092,Lucknow,Basic,60,413,0,413,414.22,-1.22,60.7,502,0,1,0,Active
CUST100107,Jaipur,Standard,11,632,75,557,558.23,-1.23,51.8,640,1,2,0,Active
CUST102078,Delhi,Standard,9,641,50,591,592.23,-1.23,16.1,509,1,2,0,Active
CUST100943,Mumbai,Basic,1,356,25,331,332.26,-1.26,39,422,0,3,0,Churned
CUST101649,Lucknow,Standard,51,627,50,577,578.26,-1.26,14.7,94,0,2,0,Active
CUST101705,Lucknow,Basic,60,343,50,293,294.26,-1.26,35.3,310,1,2,0,Active
CUST101872,Pune,Basic,2,343,25,318,319.26,-1.26,61.3,354,0,0,0,Active
CUST101135,Bhopal,Standard,48,664,0,664,665.28,-1.28,12.5,425,0,2,0,Active
CUST102233,Indore,Standard,18,654,0,654,655.28,-1.28,15.3,338,0,1,0,Active
CUST102370,Bhopal,Standard,39,630,0,630,631.28,-1.28,2.6,378,3,2,0,Active
CUST101268,Ahmedabad,Standard,7,638,50,588,589.29,-1.29,55,481,0,2,0,Active
CUST100410,Indore,Basic,3,429,50,379,380.32,-1.32,25.2,613,0,2,0,Active
CUST102416,Pune,Basic,5,361,0,361,362.32,-1.32,23.7,267,2,0,0,Churned
CUST101445,Bhopal,Basic,39,362,25,337,338.35,-1.35,1,499,1,2,0,Active
CUST102372,Bhopal,Standard,47,705,100,605,606.35,-1.35,23.6,375,0,0,0,Active
CUST101728,Mumbai,Standard,49,503,50,453,454.36,-1.36,42.2,597,1,1,0,Active
CUST101151,Pune,Standard,34,644,25,619,620.37,-1.37,40.9,591,0,2,0,Active
CUST101228,Indore,Basic,60,459,75,384,385.37,-1.37,52.2,401,2,1,0,Active
CUST100491,Lucknow,Basic,1,383,50,333,334.39,-1.39,35.1,551,1,1,0,Active
CUST101827,Ahmedabad,Standard,5,533,0,533,534.39,-1.39,41.2,378,2,1,0,Active
CUST102197,Lucknow,Standard,9,644,75,569,570.39,-1.39,40.8,720,2,1,0,Active
CUST100860,Ahmedabad,Standard,12,613,0,613,614.4,-1.4,9.8,335,3,1,0,Active
CUST101941,Delhi,Basic,27,343,0,343,344.41,-1.41,28.3,618,1,2,1,Active
CUST100425,Indore,Premium,42,863,50,813,814.42,-1.42,40.3,419,0,2,0,Active
CUST100427,Lucknow,Standard,17,511,100,411,412.43,-1.43,24.4,266,0,1,0,Churned
CUST101009,Pune,Standard,51,630,50,580,581.43,-1.43,51.9,610,2,2,1,Active
CUST100505,Mumbai,Standard,52,518,75,443,444.44,-1.44,43.3,613,1,3,1,Active
CUST101029,Delhi,Standard,42,670,50,620,621.46,-1.46,34.1,595,0,2,0,Active
CUST100453,Bhopal,Standard,4,619,50,569,570.47,-1.47,21.5,509,1,0,0,Churned
CUST101360,Bhopal,Premium,58,913,0,913,914.47,-1.47,86.3,587,0,0,0,Active
CUST101284,Mumbai,Premium,16,1016,50,966,967.48,-1.48,56.7,241,2,0,0,Active
CUST101891,Indore,Basic,41,372,75,297,298.48,-1.48,54.1,521,1,3,0,Active
CUST100497,Delhi,Standard,21,570,50,520,521.49,-1.49,19.7,357,1,1,0,Active
CUST101829,Ahmedabad,Basic,35,385,0,385,386.52,-1.52,30.7,479,1,0,0,Active
CUST100654,Pune,Standard,27,613,50,563,564.54,-1.54,51.8,118,2,0,0,Active
CUST102445,Ahmedabad,Standard,20,591,0,591,592.55,-1.55,21.9,426,0,2,0,Active
CUST101235,Delhi,Basic,36,369,100,269,270.56,-1.56,15.2,71,0,2,0,Active
CUST100142,Delhi,Basic,26,398,50,348,349.58,-1.58,63.9,403,0,2,1,Active
CUST102039,Mumbai,Standard,43,649,75,574,575.59,-1.59,30.6,391,2,2,0,Active
CUST101043,Delhi,Basic,29,471,25,446,447.6,-1.6,57.4,233,0,0,0,Active
CUST101157,Lucknow,Basic,51,335,0,335,336.6,-1.6,48.7,275,1,0,0,Active
CUST100387,Lucknow,Premium,37,952,0,952,953.61,-1.61,63.2,419,0,0,0,Active
CUST100382,Ahmedabad,Standard,56,532,0,532,533.62,-1.62,21.8,329,2,0,0,Active
CUST101559,Lucknow,Basic,34,384,100,284,285.63,-1.63,61.1,328,4,4,1,Churned
CUST101928,Indore,Basic,27,315,50,265,266.63,-1.63,51,384,0,2,1,Churned
CUST100767,Mumbai,Basic,31,281,0,281,282.71,-1.71,15.2,521,1,0,0,Active
CUST100568,Jaipur,Standard,49,602,0,602,603.73,-1.73,40.9,657,1,2,0,Active
CUST101500,Pune,Basic,27,346,25,321,322.73,-1.73,60.5,635,2,0,1,Active
CUST102280,Lucknow,Basic,20,293,75,218,219.75,-1.75,60.1,607,2,0,0,Active
CUST100978,Delhi,Basic,38,348,0,348,349.76,-1.76,13.2,400,0,1,0,Active
CUST102482,Indore,Standard,21,467,75,392,393.76,-1.76,33,544,1,0,1,Active
CUST100877,Jaipur,Basic,5,311,0,311,312.79,-1.79,48.5,279,0,2,0,Active
CUST101676,Indore,Standard,5,567,50,517,518.81,-1.81,36.8,507,1,0,1,Active
CUST100737,Delhi,Standard,20,637,50,587,588.82,-1.82,53.3,274,0,1,0,Active
CUST101918,Mumbai,Basic,5,366,25,341,342.82,-1.82,5.1,487,0,1,0,Active
CUST102032,Bhopal,Basic,33,322,0,322,323.83,-1.83,56.6,555,1,2,1,Active
CUST100758,Indore,Basic,31,401,50,351,352.85,-1.85,43.6,346,1,0,0,Active
CUST101757,Pune,Basic,12,335,50,285,286.85,-1.85,18.2,377,1,1,0,Active
CUST100150,Lucknow,Standard,23,719,0,719,720.86,-1.86,54.1,453,0,1,0,Active
CUST101740,Mumbai,Standard,17,541,25,516,517.86,-1.86,42.2,494,0,1,0,Active
CUST101953,Mumbai,Standard,49,610,50,560,561.86,-1.86,33.7,569,2,0,1,Active
CUST102182,Pune,Premium,27,784,75,709,710.86,-1.86,32.6,683,1,2,0,Active
CUST100730,Jaipur,Premium,20,888,50,838,839.87,-1.87,67.4,628,1,1,0,Active
CUST100282,Jaipur,Standard,51,662,0,662,663.88,-1.88,37.9,253,0,0,0,Active
CUST100817,Bhopal,Premium,28,952,25,927,928.88,-1.88,25,372,0,1,1,Active
CUST100876,Pune,Basic,11,360,25,335,336.89,-1.89,16.1,490,2,1,0,Active
CUST101124,Lucknow,Basic,14,376,25,351,352.89,-1.89,37.9,409,3,3,0,Churned
CUST102455,Mumbai,Basic,13,342,50,292,293.9,-1.9,63.6,552,0,1,0,Active
CUST101485,Lucknow,Standard,60,742,25,717,718.91,-1.91,36.2,788,0,1,0,Active
CUST100716,Pune,Standard,36,554,0,554,555.93,-1.93,44.7,589,1,1,0,Active
CUST101071,Indore,Basic,10,247,25,222,223.93,-1.93,74,406,0,1,0,Active
CUST101520,Lucknow,Basic,46,381,0,381,382.93,-1.93,40.5,304,0,0,0,Active
CUST101893,Jaipur,Basic,25,350,100,250,251.94,-1.94,9.2,637,0,0,1,Active
CUST102324,Jaipur,Basic,3,352,75,277,278.94,-1.94,34.6,273,0,2,0,Active
CUST102077,Mumbai,Premium,9,915,75,840,841.96,-1.96,53.3,539,0,4,0,Active
CUST101914,Delhi,Standard,31,485,0,485,486.97,-1.97,56.8,278,2,1,0,Active
CUST100830,Indore,Basic,2,313,100,213,214.98,-1.98,19.6,142,0,0,1,Active
CUST101585,Delhi,Standard,60,731,75,656,657.98,-1.98,42.6,300,0,0,0,Active
CUST101186,Indore,Standard,6,536,0,536,537.99,-1.99,54.2,433,4,1,0,Churned
CUST100317,Jaipur,Basic,33,352,0,352,354.01,-2.01,21.4,432,1,0,0,Active
CUST100208,Delhi,Premium,27,892,0,892,894.02,-2.02,93.2,347,0,2,0,Active
CUST100787,Jaipur,Basic,23,363,25,338,340.02,-2.02,30.3,512,3,2,0,Active
CUST101358,Bhopal,Standard,18,703,0,703,705.02,-2.02,18.7,485,2,1,0,Active
CUST100333,Lucknow,Basic,32,324,50,274,276.03,-2.03,31,320,0,0,0,Churned
CUST101032,Jaipur,Basic,20,358,75,283,285.04,-2.04,30.5,531,1,0,0,Active
CUST101683,Lucknow,Premium,30,875,0,875,877.04,-2.04,78.3,457,1,2,0,Active
CUST100564,Ahmedabad,Premium,47,770,50,720,722.05,-2.05,51.2,411,3,1,0,Active
CUST100364,Bhopal,Premium,15,894,50,844,846.07,-2.07,38.7,520,1,4,0,Active
CUST102246,Pune,Standard,15,664,50,614,616.08,-2.08,52.7,797,1,1,0,Active
CUST102222,Bhopal,Standard,8,645,100,545,547.12,-2.12,47,347,0,0,0,Active
CUST100465,Ahmedabad,Standard,35,663,50,613,615.13,-2.13,52.9,276,2,0,0,Active
CUST100137,Bhopal,Basic,42,307,25,282,284.14,-2.14,31,582,0,1,0,Active
CUST100905,Jaipur,Premium,7,1001,75,926,928.14,-2.14,53.4,257,1,0,0,Active
CUST101868,Bhopal,Basic,47,379,0,379,381.14,-2.14,42.7,617,0,1,0,Active
CUST100548,Pune,Standard,44,544,50,494,496.18,-2.18,5.6,668,0,3,0,Active
CUST102211,Lucknow,Standard,57,553,50,503,505.2,-2.2,70.2,619,3,1,0,Active
CUST100726,Jaipur,Standard,37,478,50,428,430.22,-2.22,64.3,309,1,3,0,Active
CUST101989,Ahmedabad,Basic,5,284,25,259,261.22,-2.22,33.8,333,1,1,0,Active
CUST102463,Pune,Standard,14,479,50,429,431.23,-2.23,6.2,323,1,6,1,Active
CUST100990,Delhi,Basic,26,440,50,390,392.25,-2.25,1,595,1,3,0,Active
CUST101086,Lucknow,Premium,46,984,0,984,986.25,-2.25,67.7,403,0,0,0,Churned
CUST102155,Mumbai,Premium,25,691,0,691,693.25,-2.25,76.9,394,1,2,0,Active
CUST100807,Bhopal,Standard,29,722,0,722,724.26,-2.26,36.9,381,0,0,0,Active
CUST102302,Pune,Basic,38,364,0,364,366.29,-2.29,54.6,369,0,3,0,Active
CUST100447,Ahmedabad,Standard,12,646,0,646,648.32,-2.32,1.9,604,1,1,1,Churned
CUST100883,Indore,Premium,44,935,0,935,937.35,-2.35,45.2,777,5,0,0,Active
CUST102091,Delhi,Premium,11,922,25,897,899.36,-2.36,65.1,627,1,2,0,Active
CUST100280,Delhi,Basic,31,254,0,254,256.37,-2.37,30.5,475,1,1,0,Active
CUST101092,Lucknow,Standard,13,563,0,563,565.38,-2.38,27.1,331,2,2,0,Churned
CUST101265,Bhopal,Premium,14,846,25,821,823.38,-2.38,48.4,724,0,1,1,Active
CUST101645,Delhi,Basic,10,358,50,308,310.38,-2.38,52.9,409,0,2,0,Active
CUST100189,Delhi,Premium,58,914,50,864,866.41,-2.41,59.6,352,1,0,0,Active
CUST101050,Pune,Premium,53,915,25,890,892.41,-2.41,66.4,191,0,1,0,Active
CUST102250,Pune,Basic,18,325,0,325,327.41,-2.41,6.5,410,0,1,0,Active
CUST101952,Bhopal,Premium,43,679,0,679,681.44,-2.44,67.6,607,2,0,0,Active
CUST102251,Pune,Standard,34,650,0,650,652.44,-2.44,66.6,464,1,1,0,Active
CUST100122,Jaipur,Basic,51,336,25,311,313.45,-2.45,36,574,0,1,0,Active
CUST102065,Pune,Basic,55,355,0,355,357.45,-2.45,44,307,0,0,1,Active
CUST102082,Delhi,Basic,49,427,0,427,429.45,-2.45,39.4,518,0,1,0,Active
CUST100733,Lucknow,Basic,36,318,25,293,295.48,-2.48,60.2,351,0,0,0,Active
CUST100183,Jaipur,Basic,39,305,100,205,207.49,-2.49,54.6,275,4,0,0,Active
CUST101569,Ahmedabad,Premium,31,699,0,699,701.5,-2.5,57.7,548,0,2,0,Active
CUST100231,Lucknow,Basic,20,341,25,316,318.51,-2.51,36.8,14,0,1,0,Active
CUST100415,Jaipur,Premium,57,917,50,867,869.51,-2.51,62.8,336,1,0,0,Active
CUST102291,Delhi,Standard,29,520,0,520,522.51,-2.51,18.8,274,0,0,0,Active
CUST101275,Jaipur,Basic,10,428,0,428,430.52,-2.52,17.3,682,0,0,0,Active
CUST100539,Bhopal,Basic,44,337,25,312,314.54,-2.54,31.9,369,0,0,0,Active
CUST100489,Pune,Standard,15,660,100,560,562.6,-2.6,34.1,357,0,0,0,Active
CUST100424,Mumbai,Standard,8,503,0,503,505.63,-2.63,35.2,508,0,0,0,Active
CUST100351,Bhopal,Basic,34,388,50,338,340.66,-2.66,29.9,187,0,3,0,Active
CUST101641,Bhopal,Premium,19,898,0,898,900.7,-2.7,61.5,767,0,0,0,Active
CUST102474,Bhopal,Premium,34,930,100,830,832.7,-2.7,67.7,561,0,1,0,Active
CUST102041,Ahmedabad,Standard,39,541,50,491,493.71,-2.71,54,417,0,2,0,Active
CUST102461,Indore,Standard,55,583,25,558,560.71,-2.71,35,312,0,1,0,Active
CUST100203,Jaipur,Premium,17,1078,100,978,980.75,-2.75,76.6,560,0,0,0,Active
CUST100002,Jaipur,Basic,45,361,75,286,288.78,-2.78,23.3,359,1,0,0,Active
CUST102051,Delhi,Basic,5,286,50,236,238.78,-2.78,49.6,326,1,0,0,Active
CUST101671,Pune,Basic,47,349,0,349,351.79,-2.79,36.4,423,1,1,0,Active
CUST102392,Pune,Premium,3,1033,50,983,985.81,-2.81,45.6,696,1,1,0,Active
CUST102457,Ahmedabad,Standard,49,553,75,478,480.81,-2.81,27.6,661,1,3,0,Active
CUST101053,Ahmedabad,Standard,25,550,25,525,527.82,-2.82,24.5,247,0,0,0,Active
CUST102426,Indore,Basic,35,329,0,329,331.82,-2.82,33.9,499,0,3,0,Active
CUST102495,Indore,Standard,29,657,50,607,609.84,-2.84,41,544,1,0,0,Active
CUST100931,Jaipur,Premium,12,923,25,898,900.85,-2.85,65.7,369,0,0,0,Active
CUST100127,Lucknow,Premium,4,1046,25,1021,1023.86,-2.86,46.2,485,2,1,0,Active
CUST101753,Mumbai,Standard,51,567,25,542,544.87,-2.87,25.1,218,0,2,0,Active
CUST100366,Mumbai,Basic,43,355,50,305,307.89,-2.89,18.7,91,0,1,0,Active
CUST101348,Jaipur,Premium,22,878,75,803,805.9,-2.9,57.8,657,0,1,0,Active
CUST102125,Delhi,Standard,31,598,0,598,600.9,-2.9,17.3,388,0,2,0,Active
CUST102186,Delhi,Basic,42,369,100,269,271.9,-2.9,56.2,484,0,0,0,Active
CUST101811,Jaipur,Standard,53,561,100,461,463.92,-2.92,29,194,1,0,0,Active
CUST100946,Ahmedabad,Basic,30,372,0,372,374.94,-2.94,1.3,448,0,0,1,Active
CUST102170,Bhopal,Premium,41,914,75,839,841.95,-2.95,90.1,505,1,1,1,Active
CUST100596,Pune,Basic,21,301,25,276,278.97,-2.97,56.4,223,2,1,0,Active
CUST100223,Indore,Standard,2,659,100,559,561.99,-2.99,45,541,0,1,0,Churned
CUST100600,Pune,Basic,27,305,75,230,232.99,-2.99,15.5,266,1,0,0,Active
CUST101472,Mumbai,Basic,20,312,0,312,315,-3,43.2,377,1,0,0,Active
CUST101274,Lucknow,Premium,31,939,50,889,892.04,-3.04,71.6,614,0,3,0,Active
CUST100342,Pune,Premium,52,900,50,850,853.05,-3.05,34.7,478,2,1,1,Active
CUST100605,Pune,Premium,33,802,0,802,805.08,-3.08,56.1,392,0,1,0,Active
CUST101905,Indore,Basic,21,333,0,333,336.08,-3.08,25.7,524,1,2,0,Active
CUST100696,Jaipur,Basic,21,345,0,345,348.09,-3.09,60.2,720,2,2,0,Active
CUST101814,Ahmedabad,Basic,7,377,100,277,280.12,-3.12,35.6,505,0,1,0,Active
CUST100176,Jaipur,Basic,46,348,0,348,351.13,-3.13,55.2,527,0,3,0,Active
CUST101465,Bhopal,Basic,48,305,50,255,258.13,-3.13,16.8,305,1,1,0,Active
CUST100633,Mumbai,Standard,17,609,50,559,562.14,-3.14,11.1,308,0,0,0,Active
CUST101221,Pune,Premium,15,990,100,890,893.14,-3.14,41.3,426,0,1,0,Active
CUST102382,Ahmedabad,Standard,23,383,50,333,336.14,-3.14,8.4,480,0,1,0,Active
CUST100062,Delhi,Standard,30,569,75,494,497.18,-3.18,43.7,255,1,1,0,Active
CUST100862,Bhopal,Basic,47,400,50,350,353.18,-3.18,11.3,374,1,0,0,Active
CUST100118,Indore,Basic,16,384,0,384,387.21,-3.21,28.6,225,2,0,0,Active
CUST101983,Lucknow,Basic,14,419,0,419,422.22,-3.22,43.5,96,1,2,0,Active
CUST102124,Jaipur,Standard,52,727,50,677,680.22,-3.22,5.5,581,2,1,0,Active
CUST101178,Delhi,Standard,35,663,100,563,566.23,-3.23,51.2,228,1,1,0,Active
CUST102260,Bhopal,Premium,36,698,100,598,601.23,-3.23,80.7,447,0,0,0,Active
CUST101479,Mumbai,Premium,33,777,100,677,680.25,-3.25,66.1,758,4,4,0,Churned
CUST101745,Ahmedabad,Standard,39,527,50,477,480.25,-3.25,43.1,296,4,1,0,Churned
CUST102088,Delhi,Basic,31,293,100,193,196.25,-3.25,65.9,194,0,1,1,Churned
CUST101136,Jaipur,Premium,2,883,75,808,811.27,-3.27,14.6,564,0,0,1,Active
CUST101147,Lucknow,Basic,4,353,0,353,356.27,-3.27,33.6,796,0,1,0,Active
CUST102018,Jaipur,Premium,55,906,0,906,909.28,-3.28,57.5,405,0,1,0,Active
CUST100800,Bhopal,Premium,60,892,25,867,870.3,-3.3,37,293,1,1,0,Active
CUST101692,Jaipur,Premium,53,944,25,919,922.3,-3.3,60.6,380,1,4,0,Active
CUST100198,Delhi,Standard,5,597,0,597,600.32,-3.32,30.1,664,0,0,1,Churned
CUST101225,Ahmedabad,Basic,40,363,0,363,366.33,-3.33,33.3,429,1,0,0,Active
CUST100847,Bhopal,Standard,18,639,50,589,592.36,-3.36,1.9,156,2,2,0,Active
CUST100769,Mumbai,Basic,31,277,0,277,280.38,-3.38,24,381,1,2,0,Active
CUST100371,Jaipur,Standard,16,551,25,526,529.39,-3.39,24.5,456,1,1,0,Churned
CUST102396,Ahmedabad,Basic,49,322,75,247,250.4,-3.4,54.8,295,0,0,0,Active
CUST102236,Indore,Standard,13,735,50,685,688.42,-3.42,27.1,209,0,2,0,Active
CUST100658,Bhopal,Premium,56,883,0,883,886.43,-3.43,40.3,270,2,2,0,Active
CUST101447,Ahmedabad,Basic,3,344,0,344,347.43,-3.43,19.6,285,0,1,1,Churned
CUST100992,Indore,Basic,28,459,50,409,412.44,-3.44,61.6,221,0,2,0,Active
CUST101375,Ahmedabad,Standard,15,659,25,634,637.44,-3.44,56.6,580,0,0,0,Active
CUST100632,Mumbai,Basic,40,350,50,300,303.45,-3.45,40.4,502,1,2,0,Active
CUST102285,Lucknow,Standard,27,561,50,511,514.47,-3.47,69.9,518,1,2,0,Churned
CUST101379,Pune,Basic,19,299,0,299,302.48,-3.48,34.4,505,0,2,0,Active
CUST100287,Pune,Standard,32,590,0,590,593.49,-3.49,25.8,260,0,0,0,Active
CUST101251,Mumbai,Standard,11,612,0,612,615.49,-3.49,21.7,397,2,1,0,Active
CUST100731,Mumbai,Basic,17,390,25,365,368.5,-3.5,19.4,253,0,3,0,Active
CUST100951,Delhi,Premium,53,851,25,826,829.5,-3.5,56.3,404,0,1,1,Active
CUST100057,Indore,Standard,46,675,50,625,628.53,-3.53,39.4,384,0,0,0,Active
CUST101885,Indore,Standard,44,764,0,764,767.53,-3.53,54.7,416,1,2,0,Active
CUST102139,Mumbai,Basic,34,313,0,313,316.54,-3.54,13.5,490,1,0,1,Churned
CUST101344,Indore,Basic,31,383,0,383,386.56,-3.56,30.7,212,3,1,0,Active
CUST100982,Pune,Basic,59,403,100,303,306.58,-3.58,4.3,642,0,1,0,Active
CUST101424,Delhi,Standard,22,574,0,574,577.6,-3.6,33.6,371,1,1,0,Active
CUST101722,Jaipur,Basic,26,335,0,335,338.6,-3.6,42,239,4,0,0,Active
CUST102492,Ahmedabad,Premium,56,806,0,806,809.6,-3.6,69.9,197,0,0,0,Active
CUST100162,Mumbai,Premium,26,1053,0,1053,1056.63,-3.63,70.6,201,0,0,0,Active
CUST102402,Jaipur,Basic,18,329,25,304,307.63,-3.63,18.3,269,1,2,0,Active
CUST101644,Indore,Premium,50,820,50,770,773.64,-3.64,53.4,378,2,3,1,Active
CUST102340,Mumbai,Premium,60,793,25,768,771.64,-3.64,65,370,1,5,0,Active
CUST102494,Mumbai,Basic,58,310,75,235,238.64,-3.64,17.3,678,1,2,0,Active
CUST101190,Mumbai,Premium,21,1006,50,956,959.65,-3.65,88,293,0,1,0,Active
CUST101537,Bhopal,Standard,46,639,100,539,542.66,-3.66,18,339,0,0,0,Active
CUST102351,Lucknow,Basic,21,334,0,334,337.66,-3.66,41.7,459,0,2,0,Active
CUST101912,Bhopal,Basic,49,332,0,332,335.67,-3.67,12,469,0,3,0,Active
CUST100440,Ahmedabad,Standard,38,696,0,696,699.68,-3.68,14.6,76,0,1,0,Active
CUST101361,Bhopal,Premium,19,869,25,844,847.68,-3.68,43.8,453,0,0,0,Active
CUST100255,Indore,Standard,58,666,0,666,669.69,-3.69,41.9,642,1,0,0,Active
CUST100435,Bhopal,Basic,10,348,50,298,301.69,-3.69,42.2,441,0,0,0,Active
CUST100275,Mumbai,Basic,51,379,0,379,382.7,-3.7,45.3,286,0,2,0,Active
CUST100320,Delhi,Basic,10,339,0,339,342.7,-3.7,28.3,304,0,2,0,Active
CUST101732,Jaipur,Basic,35,300,100,200,203.7,-3.7,45.6,43,3,3,0,Churned
CUST101890,Indore,Basic,23,286,0,286,289.7,-3.7,42,109,0,2,0,Active
CUST100686,Mumbai,Standard,27,555,0,555,558.71,-3.71,30.7,432,1,0,0,Active
CUST100541,Bhopal,Basic,14,391,75,316,319.73,-3.73,23.2,736,1,2,0,Active
CUST100868,Mumbai,Basic,30,281,100,181,184.73,-3.73,26.7,509,1,2,0,Active
CUST101492,Bhopal,Basic,60,444,0,444,447.76,-3.76,38.1,545,0,2,0,Active
CUST100643,Mumbai,Basic,39,313,0,313,316.77,-3.77,21.2,321,1,0,0,Active
CUST102027,Ahmedabad,Standard,31,583,50,533,536.77,-3.77,43.6,150,1,0,0,Active
CUST100727,Bhopal,Premium,31,996,0,996,999.79,-3.79,58.3,333,1,3,0,Active
CUST100921,Pune,Basic,42,328,0,328,331.82,-3.82,88.3,323,2,2,0,Churned
CUST101138,Jaipur,Standard,46,599,75,524,527.82,-3.82,1,429,0,0,0,Active
CUST101340,Pune,Standard,18,603,25,578,581.82,-3.82,19.8,410,1,2,1,Active
CUST101805,Bhopal,Standard,8,545,0,545,548.82,-3.82,22.9,465,1,0,0,Active
CUST101981,Pune,Basic,13,349,100,249,252.82,-3.82,55.1,324,0,1,0,Active
CUST101114,Indore,Standard,11,647,25,622,625.83,-3.83,38.4,610,0,0,0,Active
CUST101334,Pune,Basic,57,358,0,358,361.83,-3.83,69.7,337,0,0,0,Active
CUST101700,Delhi,Basic,28,371,0,371,374.83,-3.83,6.2,690,4,0,0,Active
CUST101976,Ahmedabad,Standard,21,568,75,493,496.83,-3.83,55.7,494,0,2,0,Active
CUST100724,Lucknow,Basic,54,366,100,266,269.84,-3.84,35.5,618,0,2,0,Active
CUST101164,Pune,Standard,20,665,0,665,668.84,-3.84,46.8,537,3,0,0,Active
CUST101747,Mumbai,Basic,54,372,0,372,375.84,-3.84,22.9,189,2,0,0,Active
CUST102005,Indore,Premium,22,1027,75,952,955.87,-3.87,17.7,460,2,2,1,Churned
CUST100639,Ahmedabad,Standard,11,708,0,708,711.88,-3.88,36.5,219,0,3,0,Active
CUST102115,Indore,Basic,36,380,0,380,383.9,-3.9,63.7,583,1,0,0,Active
CUST102306,Delhi,Standard,54,480,50,430,433.94,-3.94,40.9,532,3,1,0,Active
CUST100961,Mumbai,Standard,59,678,0,678,681.95,-3.95,26.2,225,2,1,1,Churned
CUST101177,Indore,Standard,31,574,0,574,577.95,-3.95,35.5,88,2,2,0,Active
CUST101946,Indore,Standard,58,716,100,616,619.95,-3.95,50.7,502,0,2,0,Active
CUST101189,Bhopal,Standard,44,531,50,481,484.98,-3.98,37.7,491,1,2,0,Active
CUST101713,Jaipur,Standard,52,674,0,674,677.98,-3.98,27.1,237,1,0,0,Active
CUST100779,Lucknow,Standard,48,601,50,551,554.99,-3.99,36.5,468,1,0,0,Active
CUST101854,Bhopal,Standard,25,444,25,419,422.99,-3.99,27.4,483,0,0,0,Active
CUST101974,Pune,Basic,12,291,0,291,294.99,-3.99,26,408,4,0,0,Active
CUST102341,Mumbai,Basic,24,378,50,328,332,-4,38.8,239,2,1,1,Active
CUST101462,Bhopal,Basic,54,311,0,311,315.01,-4.01,38.3,377,3,2,0,Active
CUST100611,Mumbai,Premium,51,941,100,841,845.02,-4.02,60.9,334,0,2,0,Active
CUST101246,Lucknow,Standard,6,653,0,653,657.05,-4.05,34.4,561,2,0,0,Active
CUST101605,Ahmedabad,Premium,1,944,25,919,923.07,-4.07,97.6,144,0,1,1,Active
CUST100623,Mumbai,Premium,43,835,50,785,789.08,-4.08,70.8,488,0,2,0,Active
CUST101652,Bhopal,Basic,19,335,100,235,239.08,-4.08,28.7,285,2,2,0,Active
CUST100689,Lucknow,Basic,14,343,0,343,347.12,-4.12,14.4,320,0,1,0,Active
CUST100839,Ahmedabad,Standard,28,658,0,658,662.12,-4.12,33.2,470,0,0,0,Active
CUST102132,Pune,Premium,14,928,25,903,907.14,-4.14,41.3,504,2,3,0,Active
CUST102249,Mumbai,Premium,32,903,100,803,807.14,-4.14,20.7,535,1,1,0,Active
CUST101613,Jaipur,Basic,47,300,100,200,204.17,-4.17,28,458,1,0,0,Churned
CUST100641,Ahmedabad,Standard,24,704,100,604,608.18,-4.18,20.2,298,0,0,0,Active
CUST101589,Bhopal,Basic,22,466,0,466,470.19,-4.19,22.4,636,0,2,0,Active
CUST101044,Jaipur,Basic,8,295,25,270,274.2,-4.2,50.7,24,1,0,1,Churned
CUST100196,Delhi,Premium,31,648,75,573,577.22,-4.22,62.4,459,0,2,0,Active
CUST100258,Indore,Basic,49,370,50,320,324.22,-4.22,31,395,0,0,0,Active
CUST100134,Lucknow,Premium,5,974,0,974,978.23,-4.23,29.1,73,1,0,0,Active
CUST101401,Indore,Standard,51,594,0,594,598.25,-4.25,39.6,398,0,2,0,Active
CUST102451,Ahmedabad,Basic,25,352,25,327,331.26,-4.26,54.5,320,2,0,0,Churned
CUST100079,Jaipur,Basic,42,376,25,351,355.28,-4.28,34.3,412,0,0,1,Active
CUST101452,Bhopal,Basic,23,356,25,331,335.28,-4.28,31.2,503,0,2,0,Active
CUST102171,Jaipur,Basic,50,372,75,297,301.3,-4.3,28.1,346,1,1,0,Active
CUST101602,Lucknow,Premium,29,791,0,791,795.32,-4.32,78,448,2,1,0,Active
CUST101048,Jaipur,Basic,6,389,25,364,368.33,-4.33,29.6,474,1,2,0,Active
CUST102385,Ahmedabad,Basic,36,374,0,374,378.33,-4.33,41.2,388,0,1,0,Active
CUST101878,Jaipur,Standard,47,656,25,631,635.34,-4.34,26.6,616,2,1,0,Active
CUST101694,Indore,Basic,13,297,0,297,301.35,-4.35,41.3,313,0,2,0,Active
CUST100343,Pune,Basic,53,410,0,410,414.36,-4.36,66,382,1,2,0,Churned
CUST100988,Indore,Basic,32,409,0,409,413.37,-4.37,36.7,619,0,1,1,Active
CUST100824,Pune,Basic,32,350,0,350,354.41,-4.41,28.8,517,6,0,0,Churned
CUST100003,Mumbai,Standard,31,605,0,605,609.43,-4.43,38,551,0,0,0,Active
CUST100212,Lucknow,Basic,23,371,0,371,375.44,-4.44,50.2,412,0,0,0,Active
CUST100803,Ahmedabad,Premium,33,900,0,900,904.45,-4.45,42.2,223,1,2,1,Active
CUST101107,Ahmedabad,Standard,22,591,0,591,595.45,-4.45,18.8,249,0,0,0,Active
CUST100571,Mumbai,Standard,24,499,75,424,428.46,-4.46,26.9,460,0,1,0,Active
CUST100717,Mumbai,Premium,55,929,25,904,908.46,-4.46,46.7,490,0,0,0,Active
CUST101062,Indore,Basic,59,282,0,282,286.46,-4.46,42.5,584,0,0,0,Churned
CUST102195,Lucknow,Basic,40,402,0,402,406.46,-4.46,54,279,0,2,0,Active
CUST102176,Bhopal,Basic,50,268,0,268,272.48,-4.48,36.1,478,0,2,0,Active
CUST100815,Lucknow,Premium,5,896,0,896,900.51,-4.51,42.5,440,2,3,0,Active
CUST100496,Bhopal,Standard,44,649,0,649,653.52,-4.52,17.8,514,1,1,0,Active
CUST100443,Mumbai,Standard,9,610,75,535,539.53,-4.53,49.7,362,2,1,0,Active
CUST100987,Delhi,Basic,31,336,50,286,290.53,-4.53,48.9,159,1,2,0,Active
CUST100340,Jaipur,Basic,30,376,75,301,305.55,-4.55,26.3,704,1,1,0,Active
CUST101413,Lucknow,Basic,9,354,0,354,358.56,-4.56,44.6,501,2,0,0,Active
CUST101429,Lucknow,Basic,11,406,50,356,360.58,-4.58,31.4,486,3,0,0,Active
CUST100968,Ahmedabad,Premium,43,930,25,905,909.6,-4.6,54.5,10,1,0,0,Active
CUST102258,Bhopal,Standard,54,563,75,488,492.6,-4.6,49.7,659,0,2,1,Active
CUST100218,Mumbai,Standard,27,523,100,423,427.63,-4.63,20.3,382,0,0,0,Active
CUST100225,Delhi,Standard,41,561,0,561,565.63,-4.63,28.9,289,0,1,0,Active
CUST102218,Delhi,Basic,34,347,0,347,351.65,-4.65,6.1,600,1,1,0,Active
CUST101915,Pune,Standard,26,521,0,521,525.67,-4.67,37.5,203,1,0,0,Active
CUST100433,Indore,Basic,30,371,0,371,375.69,-4.69,24.7,305,0,3,0,Active
CUST100802,Pune,Standard,30,486,0,486,490.69,-4.69,25.2,373,2,2,1,Active
CUST101412,Delhi,Basic,41,416,0,416,420.7,-4.7,40.6,538,1,0,0,Active
CUST101505,Indore,Standard,38,634,75,559,563.7,-4.7,38.7,526,0,1,0,Active
CUST102123,Pune,Basic,41,317,100,217,221.7,-4.7,39.8,438,3,0,0,Active
CUST100518,Mumbai,Basic,15,402,0,402,406.72,-4.72,27.7,386,2,0,0,Churned
CUST100516,Ahmedabad,Premium,25,848,25,823,827.74,-4.74,53.3,334,0,1,0,Active
CUST100840,Delhi,Basic,54,370,0,370,374.74,-4.74,29.5,568,3,0,0,Churned
CUST101922,Lucknow,Standard,28,533,0,533,537.76,-4.76,69.9,232,2,0,0,Active
CUST101533,Indore,Basic,26,304,50,254,258.78,-4.78,36,598,2,1,0,Active
CUST102295,Lucknow,Standard,31,688,0,688,692.81,-4.81,33.7,186,1,1,0,Active
CUST102400,Bhopal,Basic,35,401,100,301,305.81,-4.81,24,265,0,1,0,Active
CUST101512,Jaipur,Basic,48,286,50,236,240.88,-4.88,52.8,513,0,1,1,Churned
CUST101501,Delhi,Standard,2,564,100,464,468.91,-4.91,60.2,537,2,1,0,Active
CUST100209,Lucknow,Basic,37,284,0,284,288.92,-4.92,48.8,298,1,1,0,Active
CUST101864,Lucknow,Standard,21,653,0,653,657.95,-4.95,28.5,413,1,2,0,Active
CUST101163,Pune,Standard,57,581,0,581,585.96,-4.96,5.6,317,1,1,0,Active
CUST102028,Pune,Basic,10,351,100,251,255.96,-4.96,47.4,354,0,5,0,Active
CUST100246,Lucknow,Premium,50,765,100,665,669.97,-4.97,56.6,313,0,1,0,Active
CUST101510,Delhi,Standard,28,559,0,559,563.98,-4.98,51.8,451,1,0,0,Active
CUST102253,Pune,Standard,14,611,0,611,615.98,-4.98,41.1,452,0,3,0,Active
CUST100061,Jaipur,Premium,6,956,0,956,960.99,-4.99,29.6,163,0,0,0,Active
CUST100851,Lucknow,Basic,34,252,50,202,207,-5,38.7,509,0,0,0,Active
CUST101763,Pune,Standard,27,474,0,474,479.01,-5.01,1,438,0,0,1,Active
CUST101782,Bhopal,Basic,8,459,0,459,464.01,-5.01,51.7,270,0,2,1,Churned
CUST101972,Jaipur,Standard,46,628,0,628,633.01,-5.01,33.6,674,0,0,0,Active
CUST100665,Jaipur,Basic,44,346,50,296,301.03,-5.03,20.1,401,0,1,0,Active
CUST102369,Indore,Premium,38,836,0,836,841.03,-5.03,82.9,555,3,1,0,Active
CUST101247,Mumbai,Basic,10,384,25,359,364.07,-5.07,4.5,375,0,0,0,Active
CUST100013,Lucknow,Premium,16,836,25,811,816.1,-5.1,41.1,346,0,1,0,Active
CUST101120,Bhopal,Standard,2,655,0,655,660.1,-5.1,43.7,109,2,0,0,Active
CUST101072,Lucknow,Basic,55,380,0,380,385.11,-5.11,21.5,692,1,1,0,Active
CUST100894,Jaipur,Basic,6,399,50,349,354.12,-5.12,80.7,299,1,0,0,Active
CUST102108,Delhi,Standard,29,532,50,482,487.12,-5.12,44.8,715,0,0,1,Active
CUST101273,Jaipur,Standard,19,601,0,601,606.14,-5.14,25.5,563,1,0,1,Active
CUST102144,Delhi,Standard,29,644,25,619,624.18,-5.18,36.6,574,3,0,0,Active
CUST100001,Lucknow,Basic,6,325,50,275,280.19,-5.19,31.3,411,0,1,1,Active
CUST100462,Jaipur,Premium,36,851,0,851,856.19,-5.19,63.8,359,0,1,0,Active
CUST100024,Lucknow,Basic,25,357,50,307,312.2,-5.2,45.9,405,2,0,0,Churned
CUST100898,Bhopal,Standard,54,577,0,577,582.2,-5.2,1,392,1,2,0,Active
CUST101544,Indore,Premium,58,763,100,663,668.21,-5.21,80.4,466,0,4,0,Active
CUST101618,Bhopal,Premium,23,887,0,887,892.21,-5.21,60,437,2,1,0,Active
CUST101984,Jaipur,Basic,28,352,0,352,357.21,-5.21,25,491,1,0,0,Churned
CUST100811,Ahmedabad,Basic,1,431,50,381,386.22,-5.22,12.1,274,1,0,0,Active
CUST101759,Pune,Standard,16,528,50,478,483.22,-5.22,24,188,1,0,0,Active
CUST101606,Indore,Standard,29,689,0,689,694.24,-5.24,12.4,335,2,2,0,Churned
CUST102029,Delhi,Basic,27,351,0,351,356.24,-5.24,35.6,383,1,1,0,Active
CUST100805,Lucknow,Standard,27,590,25,565,570.25,-5.25,34.8,293,0,1,0,Churned
CUST101610,Lucknow,Basic,10,314,50,264,269.26,-5.26,26.9,266,1,1,0,Active
CUST100804,Jaipur,Basic,20,310,0,310,315.27,-5.27,58.9,730,0,1,0,Active
CUST101840,Mumbai,Premium,42,927,0,927,932.28,-5.28,83.8,536,1,3,0,Active
CUST102061,Pune,Premium,19,974,75,899,904.28,-5.28,38.8,428,0,5,0,Churned
CUST100480,Delhi,Premium,53,1061,0,1061,1066.29,-5.29,54.1,233,0,3,0,Active
CUST101345,Ahmedabad,Premium,37,1116,25,1091,1096.29,-5.29,54.6,334,1,3,0,Active
CUST102190,Delhi,Basic,1,367,0,367,372.34,-5.34,50.9,570,0,1,0,Active
CUST100676,Pune,Basic,10,356,0,356,361.39,-5.39,23.5,465,0,1,0,Churned
CUST101399,Delhi,Premium,2,932,50,882,887.4,-5.4,42.5,157,0,0,0,Active
CUST102489,Delhi,Standard,36,628,75,553,558.41,-5.41,24.1,511,2,1,0,Active
CUST100308,Delhi,Standard,7,634,100,534,539.42,-5.42,31.4,680,1,1,0,Active
CUST100669,Indore,Premium,33,795,0,795,800.42,-5.42,53,162,1,1,0,Active
CUST101169,Ahmedabad,Premium,51,1010,0,1010,1015.42,-5.42,44.3,554,0,0,0,Active
CUST101282,Mumbai,Standard,8,620,100,520,525.42,-5.42,55.1,457,0,0,0,Active
CUST102452,Bhopal,Standard,4,658,25,633,638.42,-5.42,32.4,374,1,0,0,Churned
CUST100599,Jaipur,Standard,44,652,0,652,657.43,-5.43,18.6,481,3,2,0,Active
CUST102050,Indore,Premium,48,802,0,802,807.43,-5.43,60.2,510,0,2,0,Active
CUST102432,Indore,Standard,1,494,100,394,399.43,-5.43,23.4,475,0,1,0,Churned
CUST100974,Indore,Premium,49,873,0,873,878.45,-5.45,24.1,450,0,2,0,Active
CUST101570,Bhopal,Basic,7,415,0,415,420.46,-5.46,33.3,420,1,2,0,Active
CUST102066,Jaipur,Standard,14,636,0,636,641.46,-5.46,21.5,493,2,1,0,Churned
CUST102241,Jaipur,Basic,27,376,0,376,381.48,-5.48,23.8,326,0,1,1,Active
CUST100736,Jaipur,Basic,58,331,50,281,286.49,-5.49,58.3,397,2,1,1,Active
CUST101969,Indore,Basic,55,211,0,211,216.5,-5.5,48.2,155,3,5,0,Active
CUST102146,Indore,Basic,23,416,0,416,421.5,-5.5,26.8,299,0,1,0,Active
CUST100492,Lucknow,Basic,41,363,75,288,293.51,-5.51,69.1,540,0,2,0,Churned
CUST102398,Delhi,Basic,40,338,75,263,268.53,-5.53,52.3,393,0,2,0,Active
CUST101902,Jaipur,Basic,59,348,50,298,303.54,-5.54,46.9,462,2,3,0,Active
CUST100085,Jaipur,Premium,2,890,25,865,870.55,-5.55,64.9,400,0,0,0,Active
CUST100693,Ahmedabad,Basic,36,279,0,279,284.55,-5.55,24.1,550,1,1,0,Active
CUST101244,Ahmedabad,Premium,25,827,0,827,832.55,-5.55,71.3,34,1,3,0,Active
CUST101161,Mumbai,Premium,7,793,0,793,798.56,-5.56,57.6,156,0,2,0,Active
CUST102114,Jaipur,Basic,44,351,100,251,256.58,-5.58,1,440,0,0,1,Active
CUST100701,Pune,Basic,18,366,25,341,346.65,-5.65,75.9,367,1,1,1,Active
CUST100109,Jaipur,Basic,2,327,50,277,282.66,-5.66,15.7,309,1,1,0,Active
CUST100607,Pune,Basic,27,435,75,360,365.66,-5.66,28.5,636,0,1,0,Active
CUST101889,Mumbai,Basic,24,429,75,354,359.66,-5.66,45.5,477,0,1,0,Active
CUST100932,Delhi,Premium,5,843,50,793,798.68,-5.68,54.7,487,0,2,1,Active
CUST102131,Ahmedabad,Premium,1,902,0,902,907.68,-5.68,53.9,371,1,1,0,Active
CUST102284,Jaipur,Standard,29,562,100,462,467.69,-5.69,18,26,0,0,0,Active
CUST101030,Mumbai,Standard,43,593,100,493,498.71,-5.71,49.8,616,0,1,0,Active
CUST100043,Delhi,Basic,58,357,50,307,312.72,-5.72,36.7,477,2,3,0,Active
CUST100531,Indore,Standard,33,641,0,641,646.73,-5.73,16.4,447,1,1,0,Active
CUST101384,Mumbai,Standard,10,551,50,501,506.73,-5.73,62,604,1,3,0,Active
CUST101939,Indore,Basic,9,355,75,280,285.73,-5.73,6.4,410,3,1,1,Churned
CUST102473,Indore,Standard,38,560,0,560,565.73,-5.73,39.1,621,2,2,0,Active
CUST100103,Bhopal,Basic,13,272,50,222,227.74,-5.74,49,429,1,0,0,Active
CUST100762,Ahmedabad,Basic,47,265,75,190,195.76,-5.76,67.2,310,2,0,0,Active
CUST101951,Pune,Premium,21,946,100,846,851.76,-5.76,80.1,460,0,0,0,Active
CUST100216,Bhopal,Standard,41,508,50,458,463.77,-5.77,1,331,1,2,0,Active
CUST102308,Delhi,Standard,9,456,75,381,386.77,-5.77,31.3,480,1,0,0,Churned
CUST101402,Delhi,Premium,35,860,25,835,840.79,-5.79,40.7,416,1,2,0,Active
CUST100442,Indore,Basic,35,280,50,230,235.8,-5.8,32.9,510,1,2,0,Active
CUST101381,Delhi,Standard,3,698,75,623,628.81,-5.81,39.7,417,0,3,0,Churned
CUST101597,Jaipur,Basic,44,347,0,347,352.81,-5.81,40.1,591,2,0,1,Churned
CUST100052,Delhi,Standard,30,694,0,694,699.82,-5.82,31.8,681,1,0,0,Active
CUST101945,Bhopal,Basic,17,361,0,361,366.82,-5.82,49.7,401,0,2,0,Active
CUST102366,Delhi,Basic,17,370,50,320,325.82,-5.82,44.9,252,1,0,0,Active
CUST101123,Indore,Basic,48,388,0,388,393.87,-5.87,38.7,364,0,0,1,Active
CUST102488,Pune,Standard,40,688,50,638,643.87,-5.87,67.1,281,1,2,0,Active
CUST101871,Indore,Basic,21,380,0,380,385.9,-5.9,67.3,29,1,2,0,Active
CUST100155,Jaipur,Basic,20,395,0,395,400.91,-5.91,54.4,612,0,2,0,Churned
CUST101775,Indore,Basic,42,368,25,343,348.91,-5.91,30.6,590,1,0,0,Active
CUST101800,Bhopal,Premium,13,993,75,918,923.92,-5.92,64.3,469,2,1,0,Churned
CUST102405,Lucknow,Basic,15,279,50,229,234.92,-5.92,52.7,631,0,2,0,Active
CUST100354,Ahmedabad,Basic,45,441,25,416,421.93,-5.93,4,364,1,1,0,Active
CUST101812,Jaipur,Basic,25,369,50,319,324.93,-5.93,57.6,614,0,0,0,Active
CUST101927,Indore,Basic,55,398,0,398,403.94,-5.94,63.3,679,0,0,1,Active
CUST100066,Ahmedabad,Standard,26,675,25,650,655.96,-5.96,11.9,226,0,0,0,Active
CUST100327,Bhopal,Premium,24,874,0,874,879.96,-5.96,92.2,575,0,3,1,Churned
CUST101195,Jaipur,Standard,53,469,75,394,399.96,-5.96,26.6,466,0,2,1,Churned
CUST102120,Lucknow,Premium,11,759,50,709,714.97,-5.97,98.5,297,0,0,0,Active
CUST100247,Mumbai,Standard,8,621,0,621,626.99,-5.99,44.9,279,0,1,0,Active
CUST100284,Mumbai,Basic,29,357,0,357,362.99,-5.99,62.8,424,1,0,1,Active
CUST101420,Ahmedabad,Standard,44,575,50,525,531,-6,3.4,551,1,2,0,Active
CUST101677,Mumbai,Standard,39,738,50,688,694,-6,64.5,353,0,0,0,Active
CUST102425,Pune,Premium,30,912,25,887,893.02,-6.02,47.8,578,0,1,0,Active
CUST100667,Lucknow,Standard,19,396,0,396,402.04,-6.04,61.9,402,0,1,0,Active
CUST100768,Indore,Standard,9,582,0,582,588.04,-6.04,75.7,553,0,1,1,Churned
CUST102071,Jaipur,Standard,53,631,25,606,612.04,-6.04,37.4,377,0,1,0,Active
CUST100729,Jaipur,Basic,47,359,25,334,340.05,-6.05,2.3,345,0,1,0,Active
CUST100409,Bhopal,Basic,5,391,0,391,397.06,-6.06,37.9,140,1,2,0,Active
CUST100256,Jaipur,Standard,9,596,0,596,602.07,-6.07,27.2,655,0,2,0,Active
CUST100098,Jaipur,Basic,1,374,25,349,355.08,-6.08,32.4,295,0,1,0,Active
CUST101407,Lucknow,Standard,40,714,0,714,720.08,-6.08,21.5,557,1,2,0,Active
CUST100672,Jaipur,Standard,18,661,0,661,667.09,-6.09,35.9,416,0,1,0,Active
CUST101831,Ahmedabad,Basic,25,403,0,403,409.09,-6.09,38.3,463,3,1,0,Churned
CUST100691,Lucknow,Standard,20,713,0,713,719.11,-6.11,26.5,517,0,2,0,Active
CUST102423,Lucknow,Basic,10,324,50,274,280.14,-6.14,49.5,388,0,1,0,Active
CUST100116,Bhopal,Basic,38,397,50,347,353.16,-6.16,37.9,487,0,1,0,Churned
CUST101617,Pune,Standard,2,484,50,434,440.17,-6.17,39.3,447,2,1,0,Active
CUST101785,Indore,Standard,29,715,50,665,671.18,-6.18,32.5,502,1,0,1,Active
CUST101985,Lucknow,Basic,47,336,0,336,342.18,-6.18,26.8,538,1,1,1,Churned
CUST100493,Pune,Premium,6,762,75,687,693.19,-6.19,83,394,0,5,0,Active
CUST100557,Ahmedabad,Standard,29,561,0,561,567.19,-6.19,45.3,392,0,1,0,Active
CUST101019,Bhopal,Premium,17,900,75,825,831.19,-6.19,19.2,421,0,0,0,Active
CUST100224,Jaipur,Standard,54,599,25,574,580.23,-6.23,49.4,675,0,1,0,Active
CUST100289,Mumbai,Standard,56,664,100,564,570.24,-6.24,32,528,1,0,0,Active
CUST101146,Pune,Basic,41,371,25,346,352.25,-6.25,1,432,0,2,0,Active
CUST101888,Bhopal,Standard,26,595,25,570,576.25,-6.25,8.7,521,2,0,0,Active
CUST101986,Lucknow,Premium,22,879,0,879,885.25,-6.25,29.6,287,2,0,0,Churned
CUST102228,Delhi,Premium,52,900,75,825,831.25,-6.25,73,272,0,0,0,Active
CUST100400,Ahmedabad,Basic,7,438,50,388,394.26,-6.26,55,377,1,1,0,Active
CUST100359,Jaipur,Standard,55,597,25,572,578.31,-6.31,66.3,236,1,0,0,Active
CUST101892,Ahmedabad,Premium,26,1005,0,1005,1011.31,-6.31,50.1,169,0,0,1,Active
CUST101427,Ahmedabad,Premium,59,862,0,862,868.32,-6.32,42.5,253,1,2,0,Active
CUST101877,Ahmedabad,Basic,52,329,50,279,285.33,-6.33,59.6,526,0,0,0,Churned
CUST100304,Pune,Basic,46,484,0,484,490.34,-6.34,35.5,491,0,2,0,Active
CUST100711,Pune,Basic,6,352,50,302,308.35,-6.35,44.5,189,1,1,0,Active
CUST102035,Lucknow,Standard,35,742,25,717,723.37,-6.37,16.9,328,1,1,1,Active
CUST101366,Delhi,Basic,7,405,0,405,411.4,-6.4,26.8,338,0,2,0,Active
CUST102058,Mumbai,Standard,47,571,100,471,477.4,-6.4,36.9,671,1,1,0,Active
CUST100603,Indore,Standard,41,600,50,550,556.42,-6.42,62.8,733,1,3,0,Active
CUST101748,Lucknow,Premium,31,876,0,876,882.43,-6.43,64.8,413,0,1,0,Active
CUST102126,Delhi,Basic,24,381,0,381,387.45,-6.45,52.9,440,2,1,0,Churned
CUST100221,Mumbai,Basic,29,310,0,310,316.46,-6.46,65.9,509,2,0,0,Active
CUST102406,Delhi,Basic,53,373,50,323,329.48,-6.48,52.5,391,1,2,0,Active
CUST100175,Mumbai,Basic,3,350,0,350,356.5,-6.5,49.8,350,0,2,0,Churned
CUST101904,Delhi,Basic,46,418,100,318,324.5,-6.5,12.9,340,2,2,0,Active
CUST102325,Lucknow,Basic,24,325,25,300,306.52,-6.52,30.6,484,1,2,0,Churned
CUST100172,Lucknow,Standard,43,647,100,547,553.53,-6.53,22.7,283,1,1,0,Active
CUST101287,Indore,Basic,40,379,0,379,385.53,-6.53,28.1,228,0,1,0,Active
CUST100009,Bhopal,Premium,28,794,0,794,800.54,-6.54,87.3,270,1,4,0,Active
CUST100090,Mumbai,Basic,8,364,25,339,345.55,-6.55,47.2,355,0,1,0,Active
CUST102460,Delhi,Premium,7,1029,50,979,985.55,-6.55,38.6,517,0,1,1,Active
CUST101955,Mumbai,Basic,16,367,100,267,273.56,-6.56,1,369,2,2,0,Active
CUST100025,Jaipur,Basic,6,444,0,444,450.57,-6.57,37,271,0,2,0,Active
CUST101930,Bhopal,Premium,4,899,0,899,905.57,-6.57,55.2,585,1,1,0,Active
CUST102169,Ahmedabad,Premium,20,998,75,923,929.57,-6.57,57.7,448,1,0,0,Active
CUST102436,Jaipur,Basic,35,348,0,348,354.57,-6.57,25.4,292,1,0,0,Active
CUST101392,Ahmedabad,Standard,42,666,0,666,672.58,-6.58,38.1,468,0,1,0,Active
CUST101636,Indore,Basic,39,283,0,283,289.58,-6.58,52.3,234,1,2,1,Active
CUST102134,Mumbai,Basic,44,331,50,281,287.58,-6.58,24,544,2,4,1,Active
CUST100248,Lucknow,Basic,35,411,50,361,367.59,-6.59,59,347,0,0,0,Active
CUST100957,Jaipur,Standard,34,681,100,581,587.59,-6.59,13.5,435,1,2,0,Active
CUST101760,Mumbai,Basic,22,381,0,381,387.6,-6.6,23.3,334,1,0,0,Churned
CUST102226,Ahmedabad,Premium,57,955,50,905,911.6,-6.6,43.1,580,0,2,1,Active
CUST100136,Pune,Standard,9,590,0,590,596.61,-6.61,49.6,434,1,3,0,Active
CUST102361,Lucknow,Basic,46,398,25,373,379.61,-6.61,40.9,455,0,0,0,Active
CUST101857,Pune,Standard,5,656,0,656,662.63,-6.63,18.9,572,0,3,0,Active
CUST100180,Ahmedabad,Premium,22,938,100,838,844.64,-6.64,43.1,436,0,0,0,Active
CUST100554,Ahmedabad,Standard,42,548,0,548,554.64,-6.64,13.5,472,2,1,0,Active
CUST100757,Mumbai,Basic,48,369,0,369,375.66,-6.66,9,199,1,3,0,Active
CUST101844,Jaipur,Standard,60,535,50,485,491.67,-6.67,60.1,358,2,2,0,Active
CUST101022,Lucknow,Standard,44,680,0,680,686.68,-6.68,5.3,400,1,3,0,Active
CUST101614,Bhopal,Basic,32,347,0,347,353.68,-6.68,16.8,161,0,1,0,Active
CUST100139,Mumbai,Basic,51,295,50,245,251.69,-6.69,31.7,650,0,0,0,Active
CUST100545,Bhopal,Basic,19,381,50,331,337.69,-6.69,24.5,328,0,0,0,Active
CUST101824,Lucknow,Premium,25,968,0,968,974.69,-6.69,42.3,602,1,1,0,Churned
CUST101632,Bhopal,Standard,59,527,50,477,483.71,-6.71,35.3,291,0,0,0,Active
CUST101980,Jaipur,Standard,36,564,50,514,520.73,-6.73,74.2,445,3,1,0,Churned
CUST101548,Mumbai,Standard,25,565,50,515,521.75,-6.75,23.8,339,2,0,0,Churned
CUST101296,Delhi,Premium,21,824,75,749,755.76,-6.76,82.6,477,0,2,0,Churned
CUST102054,Jaipur,Standard,29,530,100,430,436.76,-6.76,20.9,472,1,3,0,Active
CUST102498,Bhopal,Basic,34,265,0,265,271.76,-6.76,26.3,712,1,1,0,Active
CUST100791,Mumbai,Standard,16,551,0,551,557.8,-6.8,53.2,414,0,1,0,Active
CUST101704,Ahmedabad,Standard,39,730,25,705,711.81,-6.81,52.2,581,2,0,0,Active
CUST102210,Jaipur,Standard,8,635,0,635,641.83,-6.83,67.3,298,2,2,0,Churned
CUST101858,Pune,Basic,48,394,0,394,400.86,-6.86,29.1,598,1,2,0,Active
CUST101279,Lucknow,Standard,35,643,100,543,549.88,-6.88,32.3,626,0,1,0,Churned
CUST100419,Pune,Premium,24,818,0,818,824.89,-6.89,27.2,66,0,2,1,Active
CUST102109,Delhi,Standard,49,625,0,625,631.89,-6.89,25.2,156,1,0,0,Active
CUST100962,Lucknow,Premium,42,876,75,801,807.9,-6.9,51.1,650,0,1,0,Active
CUST102119,Jaipur,Standard,35,674,0,674,680.91,-6.91,6.8,381,1,1,0,Active
CUST102237,Delhi,Standard,27,642,75,567,573.91,-6.91,8.8,471,1,1,0,Active
CUST100777,Bhopal,Basic,43,261,25,236,242.92,-6.92,54.8,373,0,0,0,Active
CUST101486,Indore,Basic,45,333,25,308,314.92,-6.92,14.3,416,0,1,0,Active
CUST101851,Delhi,Basic,9,390,50,340,346.93,-6.93,28.5,579,0,1,0,Active
CUST100506,Pune,Basic,25,401,50,351,357.94,-6.94,19.5,621,3,3,0,Active
CUST101408,Bhopal,Basic,20,306,50,256,262.95,-6.95,39.9,457,0,2,0,Active
CUST101432,Indore,Basic,36,404,25,379,385.96,-6.96,29.8,257,2,1,0,Active
CUST101999,Delhi,Standard,7,738,25,713,719.97,-6.97,82.7,589,0,2,0,Active
CUST102042,Jaipur,Standard,16,576,100,476,482.98,-6.98,47.3,421,1,0,0,Active
CUST100834,Lucknow,Standard,60,529,0,529,536,-7,38.7,786,0,2,0,Active
CUST100411,Indore,Standard,36,567,0,567,574.01,-7.01,26.9,389,1,4,0,Active
CUST100642,Lucknow,Standard,25,496,0,496,503.01,-7.01,45.2,422,0,1,0,Active
CUST101040,Jaipur,Premium,31,996,50,946,953.02,-7.02,46.2,401,1,0,0,Active
CUST100014,Jaipur,Standard,17,626,0,626,633.03,-7.03,30.1,383,1,0,0,Active
CUST100858,Jaipur,Basic,41,379,0,379,386.03,-7.03,7.9,390,3,0,0,Active
CUST101122,Delhi,Basic,53,347,0,347,354.04,-7.04,53.4,642,1,0,0,Active
CUST100923,Indore,Basic,22,381,0,381,388.05,-7.05,72.9,467,2,0,0,Churned
CUST101001,Jaipur,Standard,21,462,0,462,469.05,-7.05,38.5,868,0,1,0,Churned
CUST100517,Bhopal,Basic,10,369,0,369,376.06,-7.06,42.4,395,0,2,0,Active
CUST100020,Pune,Premium,10,844,50,794,801.07,-7.07,56.6,422,0,0,0,Active
CUST100426,Lucknow,Standard,60,659,25,634,641.07,-7.07,11.4,482,0,1,1,Active
CUST101004,Indore,Premium,10,807,0,807,814.07,-7.07,42,350,0,2,0,Active
CUST102157,Jaipur,Basic,48,374,0,374,381.1,-7.1,50.3,701,2,2,1,Active
CUST100543,Indore,Standard,12,541,75,466,473.12,-7.12,16.8,302,3,0,0,Active
CUST101217,Jaipur,Standard,30,601,0,601,608.13,-7.13,27.8,358,0,1,1,Churned
CUST100698,Bhopal,Basic,31,328,0,328,335.14,-7.14,29.7,626,1,2,0,Active
CUST100952,Pune,Premium,43,790,0,790,797.14,-7.14,74.2,455,0,1,0,Active
CUST102207,Lucknow,Premium,8,972,50,922,929.14,-7.14,46,559,1,2,0,Active
CUST100826,Jaipur,Premium,19,845,50,795,802.16,-7.16,73.6,528,0,2,0,Active
CUST100900,Bhopal,Standard,41,627,0,627,634.16,-7.16,49.2,482,2,0,0,Active
CUST101259,Lucknow,Standard,2,617,50,567,574.16,-7.16,16.3,502,1,2,0,Active
CUST101363,Indore,Standard,55,492,25,467,474.16,-7.16,38.4,597,2,2,0,Active
CUST102352,Jaipur,Standard,51,605,0,605,612.17,-7.17,41.9,200,1,1,1,Active
CUST101708,Indore,Basic,22,362,25,337,344.18,-7.18,27.5,331,3,0,1,Active
CUST100083,Lucknow,Premium,20,964,50,914,921.2,-7.2,60.3,697,3,0,0,Active
CUST100147,Indore,Premium,2,870,25,845,852.2,-7.2,50.7,325,0,2,0,Active
CUST100747,Delhi,Basic,24,367,0,367,374.2,-7.2,37.6,457,1,4,0,Active
CUST102433,Delhi,Standard,23,480,0,480,487.2,-7.2,7.7,467,1,2,1,Active
CUST102348,Indore,Premium,40,859,50,809,816.21,-7.21,80.1,602,0,2,0,Active
CUST100570,Ahmedabad,Premium,4,995,25,970,977.22,-7.22,63.5,214,0,0,1,Active
CUST100682,Ahmedabad,Standard,45,532,0,532,539.22,-7.22,47.3,204,2,2,0,Active
CUST100985,Jaipur,Premium,29,1104,0,1104,1111.22,-7.22,36.4,465,0,0,0,Active
CUST101352,Mumbai,Standard,33,597,50,547,554.22,-7.22,8,351,0,1,0,Active
CUST101477,Mumbai,Basic,18,385,50,335,342.22,-7.22,44,361,1,2,0,Active
CUST101869,Lucknow,Basic,60,348,50,298,305.23,-7.23,39.6,332,1,0,0,Active
CUST102129,Delhi,Premium,26,836,0,836,843.23,-7.23,55.3,678,1,1,0,Active
CUST101295,Pune,Basic,46,426,0,426,433.28,-7.28,73.4,472,1,1,0,Active
CUST100089,Lucknow,Basic,34,334,75,259,266.29,-7.29,48.2,348,1,1,0,Active
CUST100271,Bhopal,Standard,3,389,25,364,371.29,-7.29,34.1,443,1,0,0,Active
CUST100975,Indore,Basic,53,311,0,311,318.3,-7.3,9.1,545,2,3,0,Churned
CUST101555,Indore,Basic,41,364,0,364,371.3,-7.3,32.7,300,0,0,1,Churned
CUST102043,Jaipur,Standard,24,583,75,508,515.32,-7.32,38.3,377,2,0,0,Active
CUST100574,Bhopal,Standard,50,621,100,521,528.33,-7.33,44.7,414,3,2,0,Active
CUST100969,Bhopal,Basic,5,375,75,300,307.35,-7.35,20.8,567,0,0,1,Churned
CUST101706,Ahmedabad,Basic,23,333,25,308,315.35,-7.35,29.6,266,0,0,0,Active
CUST101241,Lucknow,Basic,18,439,0,439,446.36,-7.36,24.1,131,0,4,0,Active
CUST100278,Bhopal,Basic,26,371,50,321,328.39,-7.39,17.4,350,0,1,0,Active
CUST100286,Indore,Standard,43,674,0,674,681.4,-7.4,75.2,334,2,2,0,Active
CUST100523,Lucknow,Premium,11,872,50,822,829.41,-7.41,68.7,447,0,0,0,Churned
CUST102339,Bhopal,Basic,25,345,50,295,302.41,-7.41,53.5,489,1,0,0,Active
CUST100939,Pune,Premium,42,1005,50,955,962.42,-7.42,31.7,420,1,0,0,Active
CUST102315,Bhopal,Premium,8,1123,25,1098,1105.43,-7.43,87.1,501,2,1,0,Active
CUST101973,Delhi,Standard,41,572,50,522,529.44,-7.44,49.6,527,1,1,0,Active
CUST102333,Lucknow,Standard,45,513,0,513,520.44,-7.44,35,388,2,0,0,Active
CUST102338,Bhopal,Standard,7,593,25,568,575.45,-7.45,1,469,0,2,0,Active
CUST102412,Ahmedabad,Premium,26,978,25,953,960.45,-7.45,63.5,285,0,1,0,Active
CUST100746,Pune,Basic,25,404,0,404,411.46,-7.46,37.7,458,1,1,0,Active
CUST100549,Jaipur,Standard,48,462,100,362,369.47,-7.47,56.4,210,0,1,0,Active
CUST100484,Mumbai,Premium,44,914,0,914,921.51,-7.51,27.1,607,0,0,0,Churned
CUST100772,Bhopal,Basic,8,285,75,210,217.52,-7.52,63.5,201,2,0,0,Active
CUST101446,Ahmedabad,Premium,5,969,0,969,976.53,-7.53,74.4,354,0,0,0,Active
CUST102388,Ahmedabad,Premium,57,809,0,809,816.54,-7.54,45.4,374,1,0,0,Active
CUST100979,Pune,Standard,40,745,50,695,702.55,-7.55,38.3,609,3,1,0,Active
CUST100663,Indore,Standard,17,652,0,652,659.56,-7.56,20.7,557,1,0,0,Active
CUST100908,Delhi,Basic,2,308,0,308,315.57,-7.57,52.4,350,1,2,0,Active
CUST101327,Bhopal,Premium,10,756,50,706,713.58,-7.58,41.8,421,1,1,0,Active
CUST101354,Indore,Basic,35,430,75,355,362.58,-7.58,57.5,363,1,0,1,Active
CUST100972,Mumbai,Basic,30,397,25,372,379.59,-7.59,21.8,224,0,3,0,Active
CUST102346,Delhi,Premium,35,694,0,694,701.6,-7.6,47.5,387,2,6,1,Churned
CUST101886,Jaipur,Premium,48,759,0,759,766.61,-7.61,45,161,1,1,0,Active
CUST101843,Lucknow,Premium,19,835,0,835,842.62,-7.62,9.8,302,2,1,0,Churned
CUST100455,Pune,Premium,9,913,100,813,820.67,-7.67,42.6,727,3,1,1,Active
CUST100525,Delhi,Standard,56,547,50,497,504.68,-7.68,63.3,519,1,1,0,Active
CUST101106,Indore,Standard,20,688,100,588,595.68,-7.68,52,368,0,4,0,Churned
CUST101110,Jaipur,Premium,13,801,100,701,708.68,-7.68,52.2,702,1,2,0,Active
CUST101786,Indore,Standard,27,632,100,532,539.72,-7.72,28.8,492,0,0,0,Churned
CUST100535,Indore,Premium,28,886,0,886,893.73,-7.73,65.9,424,0,3,0,Active
CUST100297,Mumbai,Standard,9,585,0,585,592.76,-7.76,53.5,327,0,0,0,Active
CUST101603,Delhi,Basic,41,334,50,284,291.76,-7.76,39.7,274,1,0,0,Active
CUST101084,Indore,Standard,12,581,100,481,488.77,-7.77,39.3,436,0,2,0,Active
CUST101234,Jaipur,Premium,47,813,0,813,820.79,-7.79,47.9,542,0,2,0,Active
CUST101133,Lucknow,Basic,57,383,0,383,390.8,-7.8,25.7,523,0,2,0,Active
CUST100006,Bhopal,Standard,10,588,50,538,545.82,-7.82,45.8,587,0,1,0,Active
CUST102084,Indore,Basic,46,370,50,320,327.84,-7.84,47.4,317,1,0,0,Active
CUST101104,Delhi,Standard,12,679,0,679,686.86,-7.86,16,471,2,1,0,Active
CUST101121,Bhopal,Basic,32,359,0,359,366.87,-7.87,28.7,208,0,1,0,Active
CUST100618,Bhopal,Standard,26,507,50,457,464.88,-7.88,31.3,481,2,0,0,Active
CUST100434,Mumbai,Basic,40,341,0,341,348.89,-7.89,36.4,377,0,1,0,Churned
CUST101046,Indore,Standard,43,636,75,561,568.89,-7.89,59.5,296,0,0,1,Active
CUST101260,Delhi,Standard,58,547,50,497,504.9,-7.9,22.6,540,2,3,0,Active
CUST101470,Ahmedabad,Standard,37,702,100,602,609.9,-7.9,47.9,309,0,1,0,Active
CUST101682,Bhopal,Standard,53,688,25,663,670.9,-7.9,35.8,19,0,1,0,Active
CUST101911,Ahmedabad,Premium,18,840,0,840,847.9,-7.9,59.8,181,1,2,0,Active
CUST100294,Pune,Standard,3,557,25,532,539.91,-7.91,43.4,413,1,1,0,Active
CUST102360,Jaipur,Standard,32,667,0,667,674.91,-7.91,1,592,1,1,0,Active
CUST100210,Delhi,Standard,16,737,25,712,719.92,-7.92,59.1,434,0,3,0,Churned
CUST101058,Mumbai,Standard,36,521,25,496,503.92,-7.92,38.8,407,2,2,1,Active
CUST100884,Lucknow,Standard,60,608,0,608,615.93,-7.93,37.9,539,0,0,1,Active
CUST101792,Delhi,Standard,42,589,50,539,546.93,-7.93,43.5,363,1,1,0,Active
CUST100719,Pune,Standard,32,598,100,498,505.94,-7.94,24.8,399,1,2,0,Active
CUST101314,Ahmedabad,Standard,29,568,25,543,550.94,-7.94,33,166,3,0,0,Churned
CUST101794,Mumbai,Standard,12,563,50,513,520.95,-7.95,44.2,10,1,0,0,Active
CUST102429,Delhi,Basic,15,316,0,316,323.96,-7.96,38.4,402,1,0,0,Churned
CUST102464,Mumbai,Premium,40,757,50,707,714.97,-7.97,96.3,540,1,1,0,Active
CUST101448,Jaipur,Basic,57,329,100,229,236.99,-7.99,52.6,585,0,2,0,Active
CUST102380,Indore,Basic,24,302,50,252,259.99,-7.99,40.3,583,2,0,0,Active
CUST102076,Mumbai,Basic,22,347,50,297,305,-8,67.6,277,1,0,0,Active
CUST102386,Ahmedabad,Premium,38,933,75,858,866,-8,39.5,611,3,2,0,Active
CUST100471,Lucknow,Basic,5,324,0,324,332.01,-8.01,29.7,501,0,1,0,Active
CUST102064,Pune,Basic,56,365,0,365,373.01,-8.01,59.2,644,2,3,0,Churned
CUST101733,Lucknow,Standard,9,632,75,557,565.03,-8.03,55.6,479,0,2,0,Active
CUST101433,Pune,Standard,10,629,0,629,637.04,-8.04,45.3,252,2,1,0,Active
CUST100220,Indore,Premium,1,843,25,818,826.06,-8.06,107.6,467,0,4,0,Active
CUST101055,Ahmedabad,Basic,52,278,0,278,286.07,-8.07,42.3,392,2,1,0,Active
CUST102212,Pune,Basic,32,273,0,273,281.07,-8.07,50.1,317,0,1,0,Active
CUST100232,Bhopal,Standard,17,571,75,496,504.08,-8.08,22.2,620,0,2,0,Churned
CUST102344,Pune,Basic,44,341,50,291,299.08,-8.08,38.5,102,0,0,0,Active
CUST100169,Bhopal,Premium,18,823,0,823,831.1,-8.1,48.9,445,2,1,0,Active
CUST101332,Mumbai,Basic,58,404,0,404,412.1,-8.1,22.2,188,0,2,0,Active
CUST100739,Ahmedabad,Basic,30,350,0,350,358.12,-8.12,19.6,634,3,3,0,Churned
CUST100910,Lucknow,Standard,55,632,0,632,640.12,-8.12,49.9,505,0,2,0,Active
CUST101068,Delhi,Standard,3,650,50,600,608.13,-8.13,42.8,389,1,0,0,Active
CUST101056,Mumbai,Standard,54,659,0,659,667.14,-8.14,3.7,392,0,3,0,Active
CUST102243,Bhopal,Standard,15,603,25,578,586.14,-8.14,19.1,460,0,0,0,Active
CUST101111,Indore,Basic,8,253,25,228,236.15,-8.15,41.4,66,2,4,1,Churned
CUST101498,Mumbai,Standard,6,505,0,505,513.15,-8.15,38.7,477,1,4,0,Active
CUST102006,Mumbai,Basic,12,356,25,331,339.15,-8.15,33.4,392,3,0,1,Churned
CUST102357,Indore,Basic,43,424,0,424,432.15,-8.15,74.5,377,1,0,0,Active
CUST102407,Jaipur,Basic,59,331,25,306,314.15,-8.15,74.8,481,1,1,0,Churned
CUST101453,Indore,Premium,33,988,50,938,946.16,-8.16,87.9,477,2,0,0,Active
CUST101349,Pune,Premium,36,946,25,921,929.17,-8.17,74.4,372,1,3,0,Active
CUST100131,Pune,Basic,24,384,100,284,292.2,-8.2,65.9,255,0,2,0,Churned
CUST102290,Mumbai,Premium,13,890,75,815,823.2,-8.2,57.8,376,3,1,0,Active
CUST100893,Ahmedabad,Premium,8,1049,0,1049,1057.21,-8.21,58.3,365,0,1,1,Churned
CUST102484,Delhi,Basic,17,405,0,405,413.22,-8.22,34,519,1,3,0,Churned
CUST102383,Mumbai,Basic,4,400,50,350,358.23,-8.23,27.2,636,0,1,0,Active
CUST101588,Lucknow,Basic,9,356,0,356,364.24,-8.24,24.7,512,1,3,0,Active
CUST100324,Ahmedabad,Basic,49,296,75,221,229.25,-8.25,39.4,682,0,4,0,Churned
CUST102323,Jaipur,Standard,28,641,50,591,599.25,-8.25,53.1,325,1,0,0,Active
CUST100358,Bhopal,Standard,6,568,0,568,576.26,-8.26,21.9,419,1,1,0,Active
CUST100507,Indore,Premium,15,735,0,735,743.26,-8.26,43.6,505,0,1,0,Active
CUST100916,Pune,Premium,33,775,75,700,708.26,-8.26,52,585,2,0,1,Active
CUST101997,Ahmedabad,Premium,53,745,25,720,728.27,-8.27,66.2,482,0,1,0,Active
CUST102480,Jaipur,Premium,28,865,50,815,823.28,-8.28,52.2,295,1,1,0,Active
CUST100253,Delhi,Standard,1,572,50,522,530.3,-8.3,19,596,1,1,0,Active
CUST100399,Delhi,Premium,18,607,0,607,615.3,-8.3,67.2,517,2,1,1,Active
CUST101170,Jaipur,Basic,41,342,75,267,275.3,-8.3,30.6,252,2,4,0,Active
CUST101863,Delhi,Standard,3,467,25,442,450.3,-8.3,31.3,655,2,1,1,Churned
CUST101099,Mumbai,Basic,42,324,25,299,307.31,-8.31,20.1,371,1,2,0,Active
CUST102289,Mumbai,Basic,42,287,75,212,220.32,-8.32,56.7,516,0,1,1,Active
CUST100285,Ahmedabad,Standard,31,561,0,561,569.33,-8.33,29.8,339,1,0,0,Active
CUST101678,Ahmedabad,Basic,12,338,25,313,321.35,-8.35,47.7,554,0,1,0,Active
CUST101073,Pune,Basic,55,268,0,268,276.36,-8.36,55.8,359,1,0,0,Active
CUST101082,Ahmedabad,Premium,16,880,25,855,863.37,-8.37,74.6,71,0,2,0,Active
CUST102329,Indore,Basic,20,318,50,268,276.39,-8.39,18.4,582,0,0,0,Active
CUST100648,Ahmedabad,Basic,6,359,0,359,367.4,-8.4,55.7,444,0,1,0,Active
CUST100526,Ahmedabad,Standard,34,651,0,651,659.42,-8.42,37.4,294,0,1,0,Active
CUST100680,Jaipur,Standard,29,696,25,671,679.42,-8.42,41.7,213,1,4,1,Churned
CUST101173,Indore,Basic,2,295,0,295,303.46,-8.46,51.4,678,1,3,0,Active
CUST102191,Mumbai,Basic,19,359,50,309,317.47,-8.47,60,340,0,1,0,Active
CUST100457,Jaipur,Basic,30,385,0,385,393.48,-8.48,25.3,101,0,0,1,Active
CUST100788,Pune,Standard,31,520,0,520,528.49,-8.49,37.6,724,0,0,0,Active
CUST100460,Jaipur,Standard,23,583,100,483,491.51,-8.51,31,246,0,0,0,Active
CUST101819,Delhi,Standard,10,751,75,676,684.53,-8.53,45.7,80,0,0,0,Active
CUST102008,Lucknow,Standard,49,550,0,550,558.54,-8.54,19.8,435,2,1,0,Active
CUST100528,Ahmedabad,Basic,26,350,50,300,308.59,-8.59,48.1,451,3,1,0,Active
CUST102145,Mumbai,Premium,40,945,100,845,853.6,-8.6,53,278,0,0,0,Active
CUST101499,Lucknow,Basic,47,364,0,364,372.63,-8.63,46.4,289,1,0,0,Active
CUST102321,Bhopal,Basic,8,387,50,337,345.63,-8.63,12.2,344,3,0,0,Churned
CUST102117,Pune,Standard,27,582,0,582,590.64,-8.64,27.3,488,0,2,0,Active
CUST102262,Bhopal,Premium,56,911,0,911,919.64,-8.64,60.9,593,0,1,0,Active
CUST101312,Lucknow,Standard,34,578,0,578,586.65,-8.65,26.9,432,0,1,0,Active
CUST102198,Pune,Basic,45,334,25,309,317.69,-8.69,24.3,598,1,0,0,Active
CUST101536,Indore,Standard,38,588,25,563,571.7,-8.7,24.1,532,1,1,0,Active
CUST101025,Bhopal,Basic,17,426,100,326,334.72,-8.72,30.3,402,2,2,0,Active
CUST101393,Jaipur,Premium,23,831,50,781,789.72,-8.72,89.5,239,0,0,0,Active
CUST100335,Lucknow,Premium,33,930,0,930,938.74,-8.74,49.9,327,2,2,0,Churned
CUST102225,Pune,Standard,17,666,0,666,674.75,-8.75,48.7,655,2,1,0,Active
CUST100770,Jaipur,Standard,21,643,75,568,576.79,-8.79,66,245,1,0,0,Active
CUST100775,Ahmedabad,Basic,52,324,25,299,307.81,-8.81,49.5,572,0,3,0,Active
CUST102143,Pune,Basic,17,322,50,272,280.81,-8.81,32.1,646,0,2,1,Active
CUST101654,Indore,Basic,56,420,0,420,428.82,-8.82,16.3,515,0,1,0,Active
CUST102496,Lucknow,Basic,60,316,0,316,324.86,-8.86,23.8,124,2,0,0,Churned
CUST101659,Delhi,Standard,5,530,75,455,463.87,-8.87,31,174,1,1,0,Active
CUST101172,Mumbai,Standard,16,616,0,616,624.88,-8.88,74.2,475,0,1,0,Active
CUST100049,Lucknow,Basic,48,416,50,366,374.89,-8.89,56.5,500,3,3,0,Active
CUST100617,Delhi,Basic,24,322,25,297,305.9,-8.9,24,455,0,1,0,Active
CUST101979,Lucknow,Standard,39,626,0,626,634.9,-8.9,48.7,643,0,0,0,Active
CUST101187,Pune,Standard,15,608,25,583,591.93,-8.93,40.4,502,0,0,0,Active
CUST102162,Mumbai,Standard,6,555,0,555,563.94,-8.94,22.7,420,1,1,0,Churned
CUST100156,Indore,Premium,49,737,0,737,745.97,-8.97,62.7,230,0,3,0,Active
CUST100685,Lucknow,Basic,51,314,25,289,297.97,-8.97,20.7,188,0,2,0,Active
CUST100674,Pune,Basic,2,321,75,246,254.98,-8.98,29.7,523,2,1,0,Active
CUST100892,Pune,Standard,56,631,25,606,614.99,-8.99,23.9,16,0,2,0,Active
CUST101319,Mumbai,Premium,10,859,50,809,817.99,-8.99,60.2,329,4,1,0,Active
CUST100796,Ahmedabad,Standard,48,512,0,512,521.01,-9.01,16.8,539,0,0,0,Active
CUST101623,Bhopal,Basic,15,475,0,475,484.01,-9.01,75.1,594,2,2,1,Churned
CUST101347,Jaipur,Basic,14,348,100,248,257.02,-9.02,68.5,431,2,1,0,Active
CUST101861,Delhi,Basic,57,287,0,287,296.03,-9.03,26.2,700,0,2,1,Active
CUST101797,Indore,Standard,19,595,0,595,604.08,-9.08,26.2,386,0,0,0,Active
CUST102081,Bhopal,Basic,30,243,50,193,202.11,-9.11,21.3,287,1,1,0,Churned
CUST102311,Bhopal,Standard,35,640,0,640,649.11,-9.11,13,548,0,1,0,Active
CUST102016,Mumbai,Basic,25,311,75,236,245.13,-9.13,15.8,576,1,1,0,Active
CUST101323,Ahmedabad,Premium,4,798,25,773,782.14,-9.14,79,262,0,0,0,Active
CUST101054,Bhopal,Standard,57,587,0,587,596.17,-9.17,51.2,313,0,1,0,Active
CUST101417,Mumbai,Basic,3,293,100,193,202.17,-9.17,52.9,343,3,1,0,Active
CUST102283,Lucknow,Basic,17,330,0,330,339.17,-9.17,27.1,548,0,2,0,Active
CUST100318,Ahmedabad,Standard,42,682,75,607,616.2,-9.2,29.1,484,2,1,0,Churned
CUST101100,Mumbai,Basic,50,286,0,286,295.21,-9.21,24.3,404,0,0,0,Active
CUST101000,Lucknow,Standard,17,734,25,709,718.23,-9.23,82.3,77,0,2,0,Active
CUST101456,Ahmedabad,Premium,39,735,0,735,744.23,-9.23,48.1,246,4,0,0,Active
CUST102267,Jaipur,Basic,21,421,0,421,430.24,-9.24,30.4,390,0,3,0,Churned
CUST101838,Indore,Standard,42,689,0,689,698.25,-9.25,32.8,528,2,3,0,Churned
CUST100466,Indore,Basic,13,319,0,319,328.27,-9.27,31.8,558,0,1,1,Active
CUST100738,Jaipur,Premium,32,807,0,807,816.27,-9.27,17.3,310,3,1,1,Churned
CUST101125,Lucknow,Basic,16,215,0,215,224.28,-9.28,32.5,465,0,1,1,Active
CUST101386,Pune,Standard,41,618,0,618,627.3,-9.3,44.8,387,1,3,0,Churned
CUST100233,Lucknow,Basic,34,349,0,349,358.31,-9.31,20.7,474,1,0,0,Active
CUST100251,Mumbai,Premium,25,952,0,952,961.31,-9.31,65.8,524,0,2,0,Active
CUST100306,Delhi,Premium,15,850,0,850,859.32,-9.32,26.5,318,0,1,0,Active
CUST102110,Delhi,Basic,59,294,50,244,253.36,-9.36,63.1,190,1,1,0,Active
CUST101538,Jaipur,Premium,59,815,100,715,724.37,-9.37,83.1,373,0,1,1,Active
CUST100572,Delhi,Standard,40,714,75,639,648.39,-9.39,27.5,690,0,1,0,Active
CUST101503,Delhi,Basic,28,382,0,382,391.39,-9.39,29.6,345,1,1,0,Active
CUST100495,Mumbai,Standard,28,599,0,599,608.42,-9.42,14.3,676,2,3,0,Active
CUST101894,Indore,Premium,11,841,75,766,775.45,-9.45,12.7,453,1,1,0,Active
CUST100732,Ahmedabad,Premium,53,726,0,726,735.46,-9.46,70.6,632,1,2,0,Active
CUST102443,Indore,Standard,5,540,50,490,499.46,-9.46,29.4,352,0,2,0,Active
CUST100500,Bhopal,Standard,39,652,50,602,611.49,-9.49,38.5,438,0,1,0,Active
CUST100567,Indore,Standard,33,641,75,566,575.49,-9.49,55.9,243,1,1,0,Active
CUST100369,Lucknow,Basic,30,364,0,364,373.5,-9.5,28.7,651,1,0,0,Active
CUST100763,Ahmedabad,Standard,38,632,25,607,616.5,-9.5,47.8,208,0,2,1,Active
CUST100037,Lucknow,Basic,40,271,0,271,280.51,-9.51,28.8,347,1,0,0,Active
CUST101440,Lucknow,Premium,6,1137,25,1112,1121.52,-9.52,39.4,744,1,1,0,Active
CUST102179,Mumbai,Premium,10,853,0,853,862.53,-9.53,49.5,294,0,2,0,Active
CUST101098,Bhopal,Basic,18,324,0,324,333.57,-9.57,21.2,561,1,5,0,Active
CUST101213,Lucknow,Standard,58,604,0,604,613.57,-9.57,20.9,627,1,0,0,Active
CUST101586,Lucknow,Standard,42,669,25,644,653.57,-9.57,29.5,388,1,3,0,Active
CUST101736,Pune,Basic,34,375,0,375,384.57,-9.57,42.2,394,3,0,0,Active
CUST100558,Lucknow,Basic,39,346,0,346,355.58,-9.58,45.7,503,2,0,0,Active
CUST100082,Indore,Standard,42,588,25,563,572.59,-9.59,20.8,409,2,3,0,Active
CUST100481,Lucknow,Basic,59,326,25,301,310.6,-9.6,21.3,568,1,1,0,Active
CUST100229,Indore,Standard,57,728,0,728,737.61,-9.61,16.4,532,2,5,0,Active
CUST100363,Ahmedabad,Basic,36,384,50,334,343.61,-9.61,60.2,381,2,0,0,Active
CUST100636,Indore,Basic,49,331,50,281,290.61,-9.61,27.3,159,2,1,1,Active
CUST101579,Pune,Standard,22,586,50,536,545.63,-9.63,26.6,239,2,2,1,Active
CUST101415,Lucknow,Premium,36,1030,0,1030,1039.64,-9.64,64.9,10,1,0,0,Active
CUST101933,Ahmedabad,Basic,21,351,75,276,285.65,-9.65,41.3,404,1,0,0,Active
CUST100924,Indore,Basic,4,399,50,349,358.66,-9.66,48.5,667,3,2,0,Churned
CUST100920,Lucknow,Basic,46,367,50,317,326.67,-9.67,25.1,292,0,0,0,Active
CUST102420,Delhi,Basic,14,352,75,277,286.67,-9.67,15.6,16,3,0,0,Active
CUST100703,Indore,Premium,40,843,100,743,752.7,-9.7,59.6,369,1,2,0,Active
CUST102441,Bhopal,Standard,38,568,0,568,577.7,-9.7,8.2,396,0,2,0,Active
CUST101276,Jaipur,Premium,50,912,50,862,871.71,-9.71,54.6,166,2,1,0,Active
CUST100845,Bhopal,Basic,60,356,100,256,265.73,-9.73,58.5,336,2,1,0,Active
CUST100781,Jaipur,Standard,24,559,100,459,468.74,-9.74,22.3,564,1,1,0,Active
CUST100243,Jaipur,Standard,13,587,0,587,596.76,-9.76,69.7,524,1,0,0,Active
CUST102044,Delhi,Standard,39,651,50,601,610.77,-9.77,34.2,643,0,1,0,Active
CUST102235,Lucknow,Standard,15,689,50,639,648.77,-9.77,45.8,383,0,0,1,Active
CUST100010,Pune,Basic,23,402,0,402,411.79,-9.79,22.3,479,2,3,1,Churned
CUST100185,Mumbai,Premium,40,809,0,809,818.8,-9.8,33.5,545,0,2,0,Active
CUST101097,Lucknow,Premium,32,1019,50,969,978.8,-9.8,48.9,341,1,2,0,Churned
CUST101582,Pune,Standard,12,624,75,549,558.8,-9.8,44.2,164,1,1,0,Active
CUST101209,Ahmedabad,Standard,54,648,50,598,607.81,-9.81,21,619,1,2,0,Churned
CUST101856,Delhi,Basic,43,379,50,329,338.82,-9.82,44.7,520,1,1,0,Active
CUST101376,Ahmedabad,Standard,19,565,0,565,574.83,-9.83,1,775,2,0,0,Active
CUST100659,Delhi,Premium,28,859,25,834,843.84,-9.84,50.4,212,1,3,0,Active
CUST101539,Pune,Basic,15,434,0,434,443.84,-9.84,49.4,312,3,0,0,Active
CUST100671,Pune,Basic,56,381,0,381,390.86,-9.86,5.1,320,0,1,1,Active
CUST100322,Pune,Standard,2,583,25,558,567.87,-9.87,47.7,639,1,1,0,Active
CUST100928,Mumbai,Basic,34,342,50,292,301.87,-9.87,30.9,138,0,1,0,Active
CUST101451,Bhopal,Standard,40,482,0,482,491.87,-9.87,20.4,683,1,1,0,Active
CUST101650,Indore,Basic,51,243,0,243,252.88,-9.88,38.3,373,0,2,0,Active
CUST102100,Ahmedabad,Basic,35,278,50,228,237.88,-9.88,55.5,271,1,1,0,Active
CUST100866,Lucknow,Basic,21,388,75,313,322.89,-9.89,55.6,614,0,1,0,Active
CUST100405,Pune,Basic,57,362,0,362,371.9,-9.9,6.1,341,3,0,0,Churned
CUST102185,Delhi,Standard,17,511,0,511,520.9,-9.9,33.7,243,2,0,0,Churned
CUST100622,Indore,Premium,45,874,25,849,858.92,-9.92,57.3,579,1,1,0,Active
CUST100064,Mumbai,Basic,17,315,100,215,224.93,-9.93,47.3,450,1,2,0,Active
CUST100008,Indore,Standard,38,613,75,538,547.94,-9.94,42.2,458,1,2,0,Active
CUST100392,Delhi,Standard,20,561,0,561,570.94,-9.94,31.3,406,0,0,1,Churned
CUST101473,Indore,Basic,47,442,0,442,451.94,-9.94,41.7,599,0,0,0,Active
CUST102486,Indore,Basic,30,353,0,353,362.98,-9.98,48.8,508,1,0,0,Active
CUST101480,Indore,Basic,60,311,75,236,245.99,-9.99,53.5,455,1,1,0,Active
,,,,,,,,,,,,,,
,,,,,,,,,,,,,,
,,,,,,,,,,,,,,
,,,,,,,,,,,,,,
,,,,,,,,,,,,,,
,,,,,,,,,,,,,,
,,,,,,,,,,,,,,
,,,,,,,,,,,,,,
,,,,,,,,,,,,,,
,,,,,,,,,,,,,,
,,,,,,,,,,,,,,
,,,,,,,,,,,,,,
,,,,,,,,,,,,,,
,,,,,,,,,,,,,,
,,,,,,,,,,,,,,
,,,,,,,,,,,,,,
